[
{
  "model": "sites.site",
  "pk": 1,
  "fields": {
    "domain": "events.yandex.ru",
    "name": "\u042f\u043d\u0434\u0435\u043a\u0441.Events"
  }
},
{
  "model": "sites.site",
  "pk": 2,
  "fields": {
    "domain": "study.yandex-team.ru",
    "name": "\u042f\u043d\u0434\u0435\u043a\u0441.Events \u043d\u0430 yandex-team"
  }
},
{
  "model": "sites.site",
  "pk": 3,
  "fields": {
    "domain": "events.yandex-team.ru",
    "name": "\u0410\u0434\u043c\u0438\u043d\u043a\u0430 \u0432\u043d\u0435\u0448\u043d\u0435\u0433\u043e \u0441\u0435\u0440\u0432\u0438\u0441\u0430 \u042f\u043d\u0434\u0435\u043a\u0441.Events"
  }
},
{
  "model": "sites.site",
  "pk": 4,
  "fields": {
    "domain": "api.serpens.yandex.ru",
    "name": "api.serpens.yandex.ru"
  }
},
{
  "model": "sites.site",
  "pk": 5,
  "fields": {
    "domain": "api.serpens.yandex-team.ru",
    "name": "api.serpens.yandex-team.ru"
  }
},
{
  "model": "sites.site",
  "pk": 6,
  "fields": {
    "domain": "external.events.test.tools.yandex-team.ru",
    "name": "external.events.test.tools.yandex-team.ru"
  }
},
{
  "model": "sites.site",
  "pk": 7,
  "fields": {
    "domain": "tech.yandex.ru",
    "name": "tech.yandex.ru"
  }
},
{
  "model": "sites.site",
  "pk": 8,
  "fields": {
    "domain": "admin-ru.events.yandex-team.ru",
    "name": "admin-ru.events.yandex-team.ru"
  }
},
{
  "model": "sites.site",
  "pk": 9,
  "fields": {
    "domain": "api.tech.yandex.ru",
    "name": "api.tech.yandex.ru"
  }
},
{
  "model": "sites.site",
  "pk": 10,
  "fields": {
    "domain": "api.tech.yandex-team.ru",
    "name": "api.tech.yandex-team.ru"
  }
},
{
  "model": "sites.site",
  "pk": 11,
  "fields": {
    "domain": "api.test1f.tech.yandex.ru",
    "name": "api.test1f.tech.yandex.ru"
  }
},
{
  "model": "sites.site",
  "pk": 12,
  "fields": {
    "domain": "api.test1f.tech.yandex-team.ru",
    "name": "api.test1f.tech.yandex-team.ru"
  }
},
{
  "model": "sites.site",
  "pk": 13,
  "fields": {
    "domain": "api.test1f.tech.yandex.com",
    "name": "api.test1f.tech.yandex.com"
  }
},
{
  "model": "sites.site",
  "pk": 14,
  "fields": {
    "domain": "api.test1f.tech.yandex-team.com",
    "name": "api.test1f.tech.yandex-team.com"
  }
},
{
  "model": "sites.site",
  "pk": 15,
  "fields": {
    "domain": "api.tech.yandex.com",
    "name": "api.tech.yandex.com"
  }
},
{
  "model": "sites.site",
  "pk": 16,
  "fields": {
    "domain": "api.tech.yandex-team.com",
    "name": "api.tech.yandex-team.com"
  }
},
{
  "model": "sites.site",
  "pk": 17,
  "fields": {
    "domain": "test1f.tech.yandex.ru",
    "name": "test1f.tech.yandex.ru"
  }
},
{
  "model": "sites.site",
  "pk": 18,
  "fields": {
    "domain": "admin-ru.events.test1f.tech.yandex-team.ru",
    "name": "admin-ru.events.test1f.tech.yandex-team.ru"
  }
},
{
  "model": "sites.site",
  "pk": 19,
  "fields": {
    "domain": "test1f.tech.yandex.com",
    "name": "test1f.tech.yandex.com"
  }
},
{
  "model": "sites.site",
  "pk": 20,
  "fields": {
    "domain": "admin-com.events.test1f.tech.yandex-team.ru",
    "name": "admin-com.events.test1f.tech.yandex-team.ru"
  }
},
{
  "model": "sites.site",
  "pk": 21,
  "fields": {
    "domain": "tech.yandex.com",
    "name": "tech.yandex.com"
  }
},
{
  "model": "sites.site",
  "pk": 22,
  "fields": {
    "domain": "admin2-com.tech.yandex-team.ru",
    "name": "admin2-com.tech.yandex-team.ru"
  }
},
{
  "model": "sites.site",
  "pk": 23,
  "fields": {
    "domain": "tech.serpens.yandex.ru",
    "name": "tech.serpens.yandex.ru"
  }
},
{
  "model": "sites.site",
  "pk": 24,
  "fields": {
    "domain": "tech.serpens.yandex-team.ru",
    "name": "tech.serpens.yandex-team.ru"
  }
},
{
  "model": "sites.site",
  "pk": 25,
  "fields": {
    "domain": "api.dev1f.tech.yandex.ru",
    "name": "api.dev1f.tech.yandex.ru"
  }
},
{
  "model": "sites.site",
  "pk": 26,
  "fields": {
    "domain": "api.dev1f.tech.yandex-team.ru",
    "name": "api.dev1f.tech.yandex-team.ru"
  }
},
{
  "model": "sites.site",
  "pk": 27,
  "fields": {
    "domain": "api.dev1f.tech.yandex.com",
    "name": "api.dev1f.tech.yandex.com"
  }
},
{
  "model": "sites.site",
  "pk": 28,
  "fields": {
    "domain": "api.dev1f.tech.yandex-team.com",
    "name": "api.dev1f.tech.yandex-team.com"
  }
},
{
  "model": "sites.site",
  "pk": 29,
  "fields": {
    "domain": "dev1f.tech.yandex.ru",
    "name": "dev1f.tech.yandex.ru"
  }
},
{
  "model": "sites.site",
  "pk": 30,
  "fields": {
    "domain": "admin2-ru.dev1f.tech.yandex-team.ru",
    "name": "admin2-ru.dev1f.tech.yandex-team.ru"
  }
},
{
  "model": "sites.site",
  "pk": 31,
  "fields": {
    "domain": "dev1f.tech.yandex.com",
    "name": "dev1f.tech.yandex.com"
  }
},
{
  "model": "sites.site",
  "pk": 32,
  "fields": {
    "domain": "admin2-com.dev1f.tech.yandex-team.ru",
    "name": "admin2-com.dev1f.tech.yandex-team.ru"
  }
},
{
  "model": "sites.site",
  "pk": 33,
  "fields": {
    "domain": "api.study.yandex-team.ru",
    "name": "API \u0434\u043b\u044f study.yandex-team.ru"
  }
},
{
  "model": "sites.site",
  "pk": 34,
  "fields": {
    "domain": "api.study.dev1f.tech.yandex-team.ru",
    "name": "api.study.dev1f.tech.yandex-team.ru"
  }
},
{
  "model": "sites.site",
  "pk": 35,
  "fields": {
    "domain": "api.study.test1f.tech.yandex-team.ru",
    "name": "api.study.test1f.tech.yandex-team.ru"
  }
},
{
  "model": "sites.site",
  "pk": 36,
  "fields": {
    "domain": "admin.study.yandex-team.ru",
    "name": "admin.study.yandex-team.ru"
  }
},
{
  "model": "sites.site",
  "pk": 37,
  "fields": {
    "domain": "study.test1f.tech.yandex-team.ru",
    "name": "study.test1f.tech.yandex-team.ru"
  }
},
{
  "model": "sites.site",
  "pk": 38,
  "fields": {
    "domain": "admin.study.dev1f.tech.yandex-team.ru",
    "name": "admin.study.dev1f.tech.yandex-team.ru"
  }
},
{
  "model": "sites.site",
  "pk": 39,
  "fields": {
    "domain": "kdunaev-front.dev1f.tech.yandex-team.ru",
    "name": "kdunaev-front.dev1f.tech.yandex-team.ru"
  }
},
{
  "model": "sites.site",
  "pk": 40,
  "fields": {
    "domain": "kdunaev-front.dev1f.tech.yandex.ru",
    "name": "kdunaev-front.dev1f.tech.yandex.ru"
  }
},
{
  "model": "sites.site",
  "pk": 41,
  "fields": {
    "domain": "forms-biz-api.dev1f.tech.yandex.ru",
    "name": "forms-biz-api.dev1f.tech.yandex.ru"
  }
},
{
  "model": "sites.site",
  "pk": 42,
  "fields": {
    "domain": "api-forms-biz-test.paysys.yandex.net",
    "name": "B2B Testing"
  }
},
{
  "model": "sites.site",
  "pk": 43,
  "fields": {
    "domain": "api-forms-biz.paysys.yandex.net",
    "name": "B2B Production"
  }
},
{
  "model": "auth.group",
  "pk": 1,
  "fields": {
    "name": "\u0414\u043e\u043a\u043b\u0430\u0434\u0447\u0438\u043a\u0438",
    "permissions": []
  }
},
{
  "model": "auth.group",
  "pk": 2,
  "fields": {
    "name": "\u041c\u0435\u043d\u0435\u0434\u0436\u0435\u0440\u044b",
    "permissions": []
  }
},
{
  "model": "auth.group",
  "pk": 3,
  "fields": {
    "name": "\u0421\u0443\u043f\u0435\u0440-\u043c\u0435\u043d\u0435\u0434\u0436\u0435\u0440\u044b",
    "permissions": []
  }
},
{
  "model": "auth.group",
  "pk": 10,
  "fields": {
    "name": "\u0418\u0441\u0441\u043b\u0435\u0434\u043e\u0432\u0430\u0442\u0435\u043b\u0438",
    "permissions": []
  }
},
{
  "model": "auth.group",
  "pk": 11,
  "fields": {
    "name": "\u0427\u043b\u0435\u043d\u044b \u043a\u043e\u043c\u0430\u043d\u0434",
    "permissions": []
  }
},
{
  "model": "auth.group",
  "pk": 12,
  "fields": {
    "name": "\u041f\u043e\u043b\u044c\u0437\u043e\u0432\u0430\u0442\u0435\u043b\u0438",
    "permissions": []
  }
},
{
  "model": "auth.group",
  "pk": 13,
  "fields": {
    "name": "\u0421\u0442\u0430\u0440\u0442\u0430\u043f\u0435\u0440\u044b",
    "permissions": []
  }
},
{
  "model": "auth.group",
  "pk": 14,
  "fields": {
    "name": "\u0417\u043e\u043b\u043e\u0442\u043e\u0439 \u0441\u043f\u0438\u0441\u043e\u043a",
    "permissions": []
  }
},
{
  "model": "auth.group",
  "pk": 15,
  "fields": {
    "name": "\u0427\u0435\u0440\u043d\u044b\u0439 \u0441\u043f\u0438\u0441\u043e\u043a",
    "permissions": []
  }
},
{
  "model": "auth.group",
  "pk": 16,
  "fields": {
    "name": "\u041f\u043e\u043b\u044c\u0437\u043e\u0432\u0430\u0442\u0435\u043b\u0438 \u043d\u043e\u0432\u043e\u0439 \u0430\u0434\u043c\u0438\u043d\u043a\u0438",
    "permissions": []
  }
},
{
  "model": "auth.group",
  "pk": 17,
  "fields": {
    "name": "\u042f\u043d\u0434\u0435\u043a\u0441\u043e\u0438\u0434\u044b",
    "permissions": []
  }
},
{
  "model": "auth.group",
  "pk": 18,
  "fields": {
    "name": "\u041c\u0435\u043d\u0435\u0434\u0436\u0435\u0440\u044b \u0444\u043e\u0440\u043c",
    "permissions": []
  }
},
{
  "model": "auth.group",
  "pk": 19,
  "fields": {
    "name": "\u0412\u0435\u0434\u0443\u0449\u0438\u0435",
    "permissions": []
  }
},
{
  "model": "auth.group",
  "pk": 20,
  "fields": {
    "name": "\u041c\u0435\u043d\u0442\u043e\u0440\u044b",
    "permissions": []
  }
},
{
  "model": "auth.group",
  "pk": 21,
  "fields": {
    "name": "\u041c\u0435\u043d\u0435\u0434\u0436\u0435\u0440\u044b \u0410\u043a\u0430\u0434\u0435\u043c\u0438\u0438",
    "permissions": []
  }
},
{
  "model": "accounts.user",
  "pk": 300000,
  "fields": {
    "password": "",
    "last_login": "2013-10-23T14:38:35Z",
    "is_superuser": false,
    "username": "",
    "first_name": "",
    "last_name": "",
    "email": "",
    "is_staff": false,
    "is_active": true,
    "date_joined": "2013-10-23T14:38:35Z",
    "groups": [],
    "user_permissions": []
  }
},
{
  "model": "mailme.messagetemplate",
  "pk": 1,
  "fields": {
    "name": "\u041f\u0440\u0438\u0432\u0435\u0442\u0441\u0442\u0432\u0438\u0435 + \u043f\u043e\u0434\u043f\u0438\u0441\u044c",
    "template": "mailme/distributions/ru/default.html",
    "template_ru": "mailme/distributions/ru/default.html",
    "template_en": "mailme/distributions/en/default.html",
    "template_tr": null,
    "template_uk": null,
    "template_be": null,
    "template_kk": null,
    "template_pt_br": null,
    "template_es_la": null,
    "template_ind": null,
    "template_de": null,
    "template_fr": null,
    "template_fi": null,
    "template_et": null,
    "template_cs": null,
    "template_it": null,
    "template_zh_hant": null,
    "template_zh_hans": null,
    "template_ja": null,
    "template_az": null,
    "template_hy": null,
    "template_ka": null,
    "template_lv": null,
    "template_ro": null
  }
},
{
  "model": "accounts.profilefield",
  "pk": "param_about",
  "fields": {}
},
{
  "model": "accounts.profilefield",
  "pk": "param_about_be",
  "fields": {}
},
{
  "model": "accounts.profilefield",
  "pk": "param_about_de",
  "fields": {}
},
{
  "model": "accounts.profilefield",
  "pk": "param_about_en",
  "fields": {}
},
{
  "model": "accounts.profilefield",
  "pk": "param_about_es_la",
  "fields": {}
},
{
  "model": "accounts.profilefield",
  "pk": "param_about_et",
  "fields": {}
},
{
  "model": "accounts.profilefield",
  "pk": "param_about_fi",
  "fields": {}
},
{
  "model": "accounts.profilefield",
  "pk": "param_about_fr",
  "fields": {}
},
{
  "model": "accounts.profilefield",
  "pk": "param_about_id",
  "fields": {}
},
{
  "model": "accounts.profilefield",
  "pk": "param_about_ind",
  "fields": {}
},
{
  "model": "accounts.profilefield",
  "pk": "param_about_kk",
  "fields": {}
},
{
  "model": "accounts.profilefield",
  "pk": "param_about_pt_br",
  "fields": {}
},
{
  "model": "accounts.profilefield",
  "pk": "param_about_ru",
  "fields": {}
},
{
  "model": "accounts.profilefield",
  "pk": "param_about_tr",
  "fields": {}
},
{
  "model": "accounts.profilefield",
  "pk": "param_about_uk",
  "fields": {}
},
{
  "model": "accounts.profilefield",
  "pk": "param_achievements",
  "fields": {}
},
{
  "model": "accounts.profilefield",
  "pk": "param_avatar",
  "fields": {}
},
{
  "model": "accounts.profilefield",
  "pk": "param_birthdate",
  "fields": {}
},
{
  "model": "accounts.profilefield",
  "pk": "param_blog",
  "fields": {}
},
{
  "model": "accounts.profilefield",
  "pk": "param_city",
  "fields": {}
},
{
  "model": "accounts.profilefield",
  "pk": "param_city2",
  "fields": {}
},
{
  "model": "accounts.profilefield",
  "pk": "param_course",
  "fields": {}
},
{
  "model": "accounts.profilefield",
  "pk": "param_gender",
  "fields": {}
},
{
  "model": "accounts.profilefield",
  "pk": "param_is_agree_to_receive_vacancy_info",
  "fields": {}
},
{
  "model": "accounts.profilefield",
  "pk": "param_is_subscribed_to_all_distributions",
  "fields": {}
},
{
  "model": "accounts.profilefield",
  "pk": "param_job_place",
  "fields": {}
},
{
  "model": "accounts.profilefield",
  "pk": "param_job_place_be",
  "fields": {}
},
{
  "model": "accounts.profilefield",
  "pk": "param_job_place_de",
  "fields": {}
},
{
  "model": "accounts.profilefield",
  "pk": "param_job_place_en",
  "fields": {}
},
{
  "model": "accounts.profilefield",
  "pk": "param_job_place_es_la",
  "fields": {}
},
{
  "model": "accounts.profilefield",
  "pk": "param_job_place_et",
  "fields": {}
},
{
  "model": "accounts.profilefield",
  "pk": "param_job_place_fi",
  "fields": {}
},
{
  "model": "accounts.profilefield",
  "pk": "param_job_place_fr",
  "fields": {}
},
{
  "model": "accounts.profilefield",
  "pk": "param_job_place_id",
  "fields": {}
},
{
  "model": "accounts.profilefield",
  "pk": "param_job_place_ind",
  "fields": {}
},
{
  "model": "accounts.profilefield",
  "pk": "param_job_place_kk",
  "fields": {}
},
{
  "model": "accounts.profilefield",
  "pk": "param_job_place_pt_br",
  "fields": {}
},
{
  "model": "accounts.profilefield",
  "pk": "param_job_place_ru",
  "fields": {}
},
{
  "model": "accounts.profilefield",
  "pk": "param_job_place_tr",
  "fields": {}
},
{
  "model": "accounts.profilefield",
  "pk": "param_job_place_uk",
  "fields": {}
},
{
  "model": "accounts.profilefield",
  "pk": "param_name",
  "fields": {}
},
{
  "model": "accounts.profilefield",
  "pk": "param_name_be",
  "fields": {}
},
{
  "model": "accounts.profilefield",
  "pk": "param_name_de",
  "fields": {}
},
{
  "model": "accounts.profilefield",
  "pk": "param_name_en",
  "fields": {}
},
{
  "model": "accounts.profilefield",
  "pk": "param_name_es_la",
  "fields": {}
},
{
  "model": "accounts.profilefield",
  "pk": "param_name_et",
  "fields": {}
},
{
  "model": "accounts.profilefield",
  "pk": "param_name_fi",
  "fields": {}
},
{
  "model": "accounts.profilefield",
  "pk": "param_name_fr",
  "fields": {}
},
{
  "model": "accounts.profilefield",
  "pk": "param_name_id",
  "fields": {}
},
{
  "model": "accounts.profilefield",
  "pk": "param_name_ind",
  "fields": {}
},
{
  "model": "accounts.profilefield",
  "pk": "param_name_kk",
  "fields": {}
},
{
  "model": "accounts.profilefield",
  "pk": "param_name_pt_br",
  "fields": {}
},
{
  "model": "accounts.profilefield",
  "pk": "param_name_ru",
  "fields": {}
},
{
  "model": "accounts.profilefield",
  "pk": "param_name_tr",
  "fields": {}
},
{
  "model": "accounts.profilefield",
  "pk": "param_name_uk",
  "fields": {}
},
{
  "model": "accounts.profilefield",
  "pk": "param_nickname",
  "fields": {}
},
{
  "model": "accounts.profilefield",
  "pk": "param_patronymic",
  "fields": {}
},
{
  "model": "accounts.profilefield",
  "pk": "param_patronymic_be",
  "fields": {}
},
{
  "model": "accounts.profilefield",
  "pk": "param_patronymic_de",
  "fields": {}
},
{
  "model": "accounts.profilefield",
  "pk": "param_patronymic_en",
  "fields": {}
},
{
  "model": "accounts.profilefield",
  "pk": "param_patronymic_es_la",
  "fields": {}
},
{
  "model": "accounts.profilefield",
  "pk": "param_patronymic_et",
  "fields": {}
},
{
  "model": "accounts.profilefield",
  "pk": "param_patronymic_fi",
  "fields": {}
},
{
  "model": "accounts.profilefield",
  "pk": "param_patronymic_fr",
  "fields": {}
},
{
  "model": "accounts.profilefield",
  "pk": "param_patronymic_id",
  "fields": {}
},
{
  "model": "accounts.profilefield",
  "pk": "param_patronymic_ind",
  "fields": {}
},
{
  "model": "accounts.profilefield",
  "pk": "param_patronymic_kk",
  "fields": {}
},
{
  "model": "accounts.profilefield",
  "pk": "param_patronymic_pt_br",
  "fields": {}
},
{
  "model": "accounts.profilefield",
  "pk": "param_patronymic_ru",
  "fields": {}
},
{
  "model": "accounts.profilefield",
  "pk": "param_patronymic_tr",
  "fields": {}
},
{
  "model": "accounts.profilefield",
  "pk": "param_patronymic_uk",
  "fields": {}
},
{
  "model": "accounts.profilefield",
  "pk": "param_phone",
  "fields": {}
},
{
  "model": "accounts.profilefield",
  "pk": "param_position",
  "fields": {}
},
{
  "model": "accounts.profilefield",
  "pk": "param_position_be",
  "fields": {}
},
{
  "model": "accounts.profilefield",
  "pk": "param_position_de",
  "fields": {}
},
{
  "model": "accounts.profilefield",
  "pk": "param_position_en",
  "fields": {}
},
{
  "model": "accounts.profilefield",
  "pk": "param_position_es_la",
  "fields": {}
},
{
  "model": "accounts.profilefield",
  "pk": "param_position_et",
  "fields": {}
},
{
  "model": "accounts.profilefield",
  "pk": "param_position_fi",
  "fields": {}
},
{
  "model": "accounts.profilefield",
  "pk": "param_position_fr",
  "fields": {}
},
{
  "model": "accounts.profilefield",
  "pk": "param_position_id",
  "fields": {}
},
{
  "model": "accounts.profilefield",
  "pk": "param_position_ind",
  "fields": {}
},
{
  "model": "accounts.profilefield",
  "pk": "param_position_kk",
  "fields": {}
},
{
  "model": "accounts.profilefield",
  "pk": "param_position_pt_br",
  "fields": {}
},
{
  "model": "accounts.profilefield",
  "pk": "param_position_ru",
  "fields": {}
},
{
  "model": "accounts.profilefield",
  "pk": "param_position_tr",
  "fields": {}
},
{
  "model": "accounts.profilefield",
  "pk": "param_position_uk",
  "fields": {}
},
{
  "model": "accounts.profilefield",
  "pk": "param_school",
  "fields": {}
},
{
  "model": "accounts.profilefield",
  "pk": "param_school_class",
  "fields": {}
},
{
  "model": "accounts.profilefield",
  "pk": "param_shirt_size",
  "fields": {}
},
{
  "model": "accounts.profilefield",
  "pk": "param_social_account",
  "fields": {}
},
{
  "model": "accounts.profilefield",
  "pk": "param_specialty",
  "fields": {}
},
{
  "model": "accounts.profilefield",
  "pk": "param_study_place",
  "fields": {}
},
{
  "model": "accounts.profilefield",
  "pk": "param_study_place_be",
  "fields": {}
},
{
  "model": "accounts.profilefield",
  "pk": "param_study_place_de",
  "fields": {}
},
{
  "model": "accounts.profilefield",
  "pk": "param_study_place_en",
  "fields": {}
},
{
  "model": "accounts.profilefield",
  "pk": "param_study_place_es_la",
  "fields": {}
},
{
  "model": "accounts.profilefield",
  "pk": "param_study_place_et",
  "fields": {}
},
{
  "model": "accounts.profilefield",
  "pk": "param_study_place_fi",
  "fields": {}
},
{
  "model": "accounts.profilefield",
  "pk": "param_study_place_fr",
  "fields": {}
},
{
  "model": "accounts.profilefield",
  "pk": "param_study_place_id",
  "fields": {}
},
{
  "model": "accounts.profilefield",
  "pk": "param_study_place_ind",
  "fields": {}
},
{
  "model": "accounts.profilefield",
  "pk": "param_study_place_kk",
  "fields": {}
},
{
  "model": "accounts.profilefield",
  "pk": "param_study_place_pt_br",
  "fields": {}
},
{
  "model": "accounts.profilefield",
  "pk": "param_study_place_ru",
  "fields": {}
},
{
  "model": "accounts.profilefield",
  "pk": "param_study_place_tr",
  "fields": {}
},
{
  "model": "accounts.profilefield",
  "pk": "param_study_place_uk",
  "fields": {}
},
{
  "model": "accounts.profilefield",
  "pk": "param_subscribed_email",
  "fields": {}
},
{
  "model": "accounts.profilefield",
  "pk": "param_surname",
  "fields": {}
},
{
  "model": "accounts.profilefield",
  "pk": "param_surname_be",
  "fields": {}
},
{
  "model": "accounts.profilefield",
  "pk": "param_surname_de",
  "fields": {}
},
{
  "model": "accounts.profilefield",
  "pk": "param_surname_en",
  "fields": {}
},
{
  "model": "accounts.profilefield",
  "pk": "param_surname_es_la",
  "fields": {}
},
{
  "model": "accounts.profilefield",
  "pk": "param_surname_et",
  "fields": {}
},
{
  "model": "accounts.profilefield",
  "pk": "param_surname_fi",
  "fields": {}
},
{
  "model": "accounts.profilefield",
  "pk": "param_surname_fr",
  "fields": {}
},
{
  "model": "accounts.profilefield",
  "pk": "param_surname_id",
  "fields": {}
},
{
  "model": "accounts.profilefield",
  "pk": "param_surname_ind",
  "fields": {}
},
{
  "model": "accounts.profilefield",
  "pk": "param_surname_kk",
  "fields": {}
},
{
  "model": "accounts.profilefield",
  "pk": "param_surname_pt_br",
  "fields": {}
},
{
  "model": "accounts.profilefield",
  "pk": "param_surname_ru",
  "fields": {}
},
{
  "model": "accounts.profilefield",
  "pk": "param_surname_tr",
  "fields": {}
},
{
  "model": "accounts.profilefield",
  "pk": "param_surname_uk",
  "fields": {}
},
{
  "model": "accounts.profilefield",
  "pk": "param_website",
  "fields": {}
},
{
  "model": "accounts.profilefield",
  "pk": "param_yandex_adv_network_account",
  "fields": {}
},
{
  "model": "accounts.profile",
  "pk": 300000,
  "fields": {
    "date_created": "2013-10-23T14:38:35Z",
    "date_updated": "2013-10-23T14:38:35Z",
    "yandex_external_profile": null,
    "yandex_internal_profile": null,
    "yandex_username": null,
    "user": 300000,
    "is_email_confirmed": false,
    "merged_to_profile": null,
    "merged_date": null,
    "merge_reason": null,
    "language_code": "ru",
    "param_avatar": "",
    "param_surname": null,
    "param_name": null,
    "param_patronymic": null,
    "param_subscribed_email": null,
    "param_shirt_size": null,
    "param_about": null,
    "param_city": null,
    "param_city2": null,
    "param_job_place": null,
    "param_study_place": null,
    "param_position": null,
    "param_course": null,
    "param_specialty": null,
    "param_gender": null,
    "param_blog": null,
    "param_social_account": null,
    "param_website": null,
    "param_nickname": null,
    "param_phone": null,
    "param_birthdate": null,
    "param_yandex_adv_network_account": null,
    "param_school": null,
    "param_school_class": null,
    "param_achievements": null,
    "param_is_subscribed_to_all_distributions": false,
    "param_is_agree_to_receive_vacancy_info": false
  }
},
{
  "model": "surveyme.answertypesettings",
  "pk": "param_action",
  "fields": {}
},
{
  "model": "surveyme.answertypesettings",
  "pk": "param_data_source",
  "fields": {}
},
{
  "model": "surveyme.answertypesettings",
  "pk": "param_data_source_params",
  "fields": {}
},
{
  "model": "surveyme.answertypesettings",
  "pk": "param_date_field_max",
  "fields": {}
},
{
  "model": "surveyme.answertypesettings",
  "pk": "param_date_field_min",
  "fields": {}
},
{
  "model": "surveyme.answertypesettings",
  "pk": "param_date_field_type",
  "fields": {}
},
{
  "model": "surveyme.answertypesettings",
  "pk": "param_help_text",
  "fields": {}
},
{
  "model": "surveyme.answertypesettings",
  "pk": "param_help_text_az",
  "fields": {}
},
{
  "model": "surveyme.answertypesettings",
  "pk": "param_help_text_be",
  "fields": {}
},
{
  "model": "surveyme.answertypesettings",
  "pk": "param_help_text_cs",
  "fields": {}
},
{
  "model": "surveyme.answertypesettings",
  "pk": "param_help_text_de",
  "fields": {}
},
{
  "model": "surveyme.answertypesettings",
  "pk": "param_help_text_en",
  "fields": {}
},
{
  "model": "surveyme.answertypesettings",
  "pk": "param_help_text_es_la",
  "fields": {}
},
{
  "model": "surveyme.answertypesettings",
  "pk": "param_help_text_et",
  "fields": {}
},
{
  "model": "surveyme.answertypesettings",
  "pk": "param_help_text_fi",
  "fields": {}
},
{
  "model": "surveyme.answertypesettings",
  "pk": "param_help_text_fr",
  "fields": {}
},
{
  "model": "surveyme.answertypesettings",
  "pk": "param_help_text_hy",
  "fields": {}
},
{
  "model": "surveyme.answertypesettings",
  "pk": "param_help_text_id",
  "fields": {}
},
{
  "model": "surveyme.answertypesettings",
  "pk": "param_help_text_ind",
  "fields": {}
},
{
  "model": "surveyme.answertypesettings",
  "pk": "param_help_text_it",
  "fields": {}
},
{
  "model": "surveyme.answertypesettings",
  "pk": "param_help_text_ja",
  "fields": {}
},
{
  "model": "surveyme.answertypesettings",
  "pk": "param_help_text_ka",
  "fields": {}
},
{
  "model": "surveyme.answertypesettings",
  "pk": "param_help_text_kk",
  "fields": {}
},
{
  "model": "surveyme.answertypesettings",
  "pk": "param_help_text_ky",
  "fields": {}
},
{
  "model": "surveyme.answertypesettings",
  "pk": "param_help_text_lv",
  "fields": {}
},
{
  "model": "surveyme.answertypesettings",
  "pk": "param_help_text_pt_br",
  "fields": {}
},
{
  "model": "surveyme.answertypesettings",
  "pk": "param_help_text_ro",
  "fields": {}
},
{
  "model": "surveyme.answertypesettings",
  "pk": "param_help_text_ru",
  "fields": {}
},
{
  "model": "surveyme.answertypesettings",
  "pk": "param_help_text_tr",
  "fields": {}
},
{
  "model": "surveyme.answertypesettings",
  "pk": "param_help_text_uk",
  "fields": {}
},
{
  "model": "surveyme.answertypesettings",
  "pk": "param_help_text_zh_hans",
  "fields": {}
},
{
  "model": "surveyme.answertypesettings",
  "pk": "param_help_text_zh_hant",
  "fields": {}
},
{
  "model": "surveyme.answertypesettings",
  "pk": "param_hint_data_source",
  "fields": {}
},
{
  "model": "surveyme.answertypesettings",
  "pk": "param_hint_data_source_params",
  "fields": {}
},
{
  "model": "surveyme.answertypesettings",
  "pk": "param_hint_type",
  "fields": {}
},
{
  "model": "surveyme.answertypesettings",
  "pk": "param_initial",
  "fields": {}
},
{
  "model": "surveyme.answertypesettings",
  "pk": "param_is_allow_multiple_choice",
  "fields": {}
},
{
  "model": "surveyme.answertypesettings",
  "pk": "param_is_allow_other",
  "fields": {}
},
{
  "model": "surveyme.answertypesettings",
  "pk": "param_is_disabled_init_item",
  "fields": {}
},
{
  "model": "surveyme.answertypesettings",
  "pk": "param_is_hidden",
  "fields": {}
},
{
  "model": "surveyme.answertypesettings",
  "pk": "param_is_lecture_labels_as_links",
  "fields": {}
},
{
  "model": "surveyme.answertypesettings",
  "pk": "param_is_random_choices_position",
  "fields": {}
},
{
  "model": "surveyme.answertypesettings",
  "pk": "param_is_required",
  "fields": {}
},
{
  "model": "surveyme.answertypesettings",
  "pk": "param_is_section_header",
  "fields": {}
},
{
  "model": "surveyme.answertypesettings",
  "pk": "param_max",
  "fields": {}
},
{
  "model": "surveyme.answertypesettings",
  "pk": "param_max_files_count",
  "fields": {}
},
{
  "model": "surveyme.answertypesettings",
  "pk": "param_max_file_size",
  "fields": {}
},
{
  "model": "surveyme.answertypesettings",
  "pk": "param_min",
  "fields": {}
},
{
  "model": "surveyme.answertypesettings",
  "pk": "param_modify_choices",
  "fields": {}
},
{
  "model": "surveyme.answertypesettings",
  "pk": "param_price",
  "fields": {}
},
{
  "model": "surveyme.answertypesettings",
  "pk": "param_slug",
  "fields": {}
},
{
  "model": "surveyme.answertypesettings",
  "pk": "param_sort_choices",
  "fields": {}
},
{
  "model": "surveyme.answertypesettings",
  "pk": "param_suggest_choices",
  "fields": {}
},
{
  "model": "surveyme.answertypesettings",
  "pk": "param_themes",
  "fields": {}
},
{
  "model": "surveyme.answertypesettings",
  "pk": "param_variables",
  "fields": {}
},
{
  "model": "surveyme.answertypesettings",
  "pk": "param_widget",
  "fields": {}
},
{
  "model": "surveyme.answertype",
  "pk": 1,
  "fields": {
    "is_allow_choices": false,
    "is_read_only": false,
    "is_allow_widgets": false,
    "is_could_be_used_in_conditions": true,
    "slug": "answer_short_text",
    "name": "\u041a\u043e\u0440\u043e\u0442\u043a\u0438\u0439 \u043e\u0442\u0432\u0435\u0442",
    "icon": "icon-italic",
    "admin_preview": "input",
    "kind": "generic",
    "allow_settings": [
      "param_help_text",
      "param_hint_data_source",
      "param_initial",
      "param_is_hidden",
      "param_is_required",
      "param_max",
      "param_min",
      "param_slug"
    ],
    "required_settings": []
  }
},
{
  "model": "surveyme.answertype",
  "pk": 2,
  "fields": {
    "is_allow_choices": false,
    "is_read_only": false,
    "is_allow_widgets": false,
    "is_could_be_used_in_conditions": true,
    "slug": "answer_long_text",
    "name": "\u0414\u043b\u0438\u043d\u043d\u044b\u0439 \u043e\u0442\u0432\u0435\u0442",
    "icon": "icon-text-height",
    "admin_preview": "textarea",
    "kind": "generic",
    "allow_settings": [
      "param_help_text",
      "param_hint_data_source",
      "param_initial",
      "param_is_hidden",
      "param_is_required",
      "param_max",
      "param_min",
      "param_slug"
    ],
    "required_settings": []
  }
},
{
  "model": "surveyme.answertype",
  "pk": 3,
  "fields": {
    "is_allow_choices": true,
    "is_read_only": false,
    "is_allow_widgets": true,
    "is_could_be_used_in_conditions": true,
    "slug": "answer_choices",
    "name": "\u0421\u043f\u0438\u0441\u043e\u043a",
    "icon": "icon-list-ul",
    "admin_preview": "list",
    "kind": "generic",
    "allow_settings": [
      "param_data_source",
      "param_data_source_params",
      "param_help_text",
      "param_initial",
      "param_is_allow_multiple_choice",
      "param_is_allow_other",
      "param_is_disabled_init_item",
      "param_is_hidden",
      "param_is_lecture_labels_as_links",
      "param_is_random_choices_position",
      "param_is_required",
      "param_modify_choices",
      "param_slug",
      "param_suggest_choices"
    ],
    "required_settings": []
  }
},
{
  "model": "surveyme.answertype",
  "pk": 4,
  "fields": {
    "is_allow_choices": false,
    "is_read_only": false,
    "is_allow_widgets": true,
    "is_could_be_used_in_conditions": false,
    "slug": "answer_lectures",
    "name": "\u041b\u0435\u043a\u0446\u0438\u0438",
    "icon": "icon-comment",
    "admin_preview": "lectures",
    "kind": "generic",
    "allow_settings": [
      "param_action",
      "param_help_text",
      "param_is_allow_multiple_choice",
      "param_is_lecture_labels_as_links",
      "param_is_required"
    ],
    "required_settings": [
      "param_action"
    ]
  }
},
{
  "model": "surveyme.answertype",
  "pk": 5,
  "fields": {
    "is_allow_choices": false,
    "is_read_only": false,
    "is_allow_widgets": false,
    "is_could_be_used_in_conditions": false,
    "slug": "param_subscribed_email",
    "name": "Email",
    "icon": "icon-envelope",
    "admin_preview": "input",
    "kind": "profile",
    "allow_settings": [
      "param_help_text",
      "param_hint_data_source",
      "param_initial",
      "param_is_required"
    ],
    "required_settings": []
  }
},
{
  "model": "surveyme.answertype",
  "pk": 6,
  "fields": {
    "is_allow_choices": false,
    "is_read_only": false,
    "is_allow_widgets": false,
    "is_could_be_used_in_conditions": false,
    "slug": "param_surname",
    "name": "\u0424\u0430\u043c\u0438\u043b\u0438\u044f",
    "icon": "icon-italic",
    "admin_preview": "input",
    "kind": "profile",
    "allow_settings": [
      "param_help_text",
      "param_is_required"
    ],
    "required_settings": []
  }
},
{
  "model": "surveyme.answertype",
  "pk": 7,
  "fields": {
    "is_allow_choices": false,
    "is_read_only": false,
    "is_allow_widgets": false,
    "is_could_be_used_in_conditions": false,
    "slug": "param_name",
    "name": "\u0418\u043c\u044f",
    "icon": "icon-italic",
    "admin_preview": "input",
    "kind": "profile",
    "allow_settings": [
      "param_help_text",
      "param_is_required"
    ],
    "required_settings": []
  }
},
{
  "model": "surveyme.answertype",
  "pk": 8,
  "fields": {
    "is_allow_choices": false,
    "is_read_only": false,
    "is_allow_widgets": false,
    "is_could_be_used_in_conditions": false,
    "slug": "param_patronymic",
    "name": "\u041e\u0442\u0447\u0435\u0441\u0442\u0432\u043e",
    "icon": "icon-italic",
    "admin_preview": "input",
    "kind": "profile",
    "allow_settings": [
      "param_help_text",
      "param_is_required"
    ],
    "required_settings": []
  }
},
{
  "model": "surveyme.answertype",
  "pk": 9,
  "fields": {
    "is_allow_choices": false,
    "is_read_only": false,
    "is_allow_widgets": false,
    "is_could_be_used_in_conditions": false,
    "slug": "param_city2",
    "name": "\u0413\u043e\u0440\u043e\u0434",
    "icon": "icon-map-marker",
    "admin_preview": "input",
    "kind": "profile",
    "allow_settings": [
      "param_help_text",
      "param_is_required"
    ],
    "required_settings": []
  }
},
{
  "model": "surveyme.answertype",
  "pk": 10,
  "fields": {
    "is_allow_choices": false,
    "is_read_only": false,
    "is_allow_widgets": false,
    "is_could_be_used_in_conditions": false,
    "slug": "param_birthdate",
    "name": "\u0414\u0430\u0442\u0430 \u0440\u043e\u0436\u0434\u0435\u043d\u0438\u044f",
    "icon": "icon-calendar",
    "admin_preview": "date",
    "kind": "profile",
    "allow_settings": [
      "param_help_text",
      "param_is_required"
    ],
    "required_settings": []
  }
},
{
  "model": "surveyme.answertype",
  "pk": 11,
  "fields": {
    "is_allow_choices": false,
    "is_read_only": false,
    "is_allow_widgets": false,
    "is_could_be_used_in_conditions": false,
    "slug": "param_job_place",
    "name": "\u041c\u0435\u0441\u0442\u043e \u0440\u0430\u0431\u043e\u0442\u044b",
    "icon": "icon-italic",
    "admin_preview": "input",
    "kind": "profile",
    "allow_settings": [
      "param_help_text",
      "param_is_required"
    ],
    "required_settings": []
  }
},
{
  "model": "surveyme.answertype",
  "pk": 12,
  "fields": {
    "is_allow_choices": false,
    "is_read_only": false,
    "is_allow_widgets": false,
    "is_could_be_used_in_conditions": false,
    "slug": "param_study_place",
    "name": "\u041c\u0435\u0441\u0442\u043e \u0443\u0447\u0435\u0431\u044b",
    "icon": "icon-italic",
    "admin_preview": "input",
    "kind": "profile",
    "allow_settings": [
      "param_help_text",
      "param_is_required"
    ],
    "required_settings": []
  }
},
{
  "model": "surveyme.answertype",
  "pk": 13,
  "fields": {
    "is_allow_choices": false,
    "is_read_only": false,
    "is_allow_widgets": false,
    "is_could_be_used_in_conditions": false,
    "slug": "param_position",
    "name": "\u0414\u043e\u043b\u0436\u043d\u043e\u0441\u0442\u044c",
    "icon": "icon-italic",
    "admin_preview": "input",
    "kind": "profile",
    "allow_settings": [
      "param_help_text",
      "param_is_required"
    ],
    "required_settings": []
  }
},
{
  "model": "surveyme.answertype",
  "pk": 14,
  "fields": {
    "is_allow_choices": false,
    "is_read_only": false,
    "is_allow_widgets": false,
    "is_could_be_used_in_conditions": false,
    "slug": "param_specialty",
    "name": "\u0421\u043f\u0435\u0446\u0438\u0430\u043b\u044c\u043d\u043e\u0441\u0442\u044c",
    "icon": "icon-italic",
    "admin_preview": "input",
    "kind": "profile",
    "allow_settings": [
      "param_help_text",
      "param_is_required"
    ],
    "required_settings": []
  }
},
{
  "model": "surveyme.answertype",
  "pk": 15,
  "fields": {
    "is_allow_choices": false,
    "is_read_only": false,
    "is_allow_widgets": false,
    "is_could_be_used_in_conditions": false,
    "slug": "param_course",
    "name": "\u041a\u0443\u0440\u0441",
    "icon": "icon-italic",
    "admin_preview": "input",
    "kind": "profile",
    "allow_settings": [
      "param_help_text",
      "param_is_required"
    ],
    "required_settings": []
  }
},
{
  "model": "surveyme.answertype",
  "pk": 16,
  "fields": {
    "is_allow_choices": false,
    "is_read_only": false,
    "is_allow_widgets": false,
    "is_could_be_used_in_conditions": false,
    "slug": "param_gender",
    "name": "\u041f\u043e\u043b",
    "icon": "icon-check",
    "admin_preview": "gender",
    "kind": "profile",
    "allow_settings": [
      "param_help_text",
      "param_is_required"
    ],
    "required_settings": []
  }
},
{
  "model": "surveyme.answertype",
  "pk": 17,
  "fields": {
    "is_allow_choices": false,
    "is_read_only": false,
    "is_allow_widgets": false,
    "is_could_be_used_in_conditions": false,
    "slug": "param_about",
    "name": "\u041e \u0441\u0435\u0431\u0435",
    "icon": "icon-text-height",
    "admin_preview": "textarea",
    "kind": "profile",
    "allow_settings": [
      "param_help_text",
      "param_is_required"
    ],
    "required_settings": []
  }
},
{
  "model": "surveyme.answertype",
  "pk": 18,
  "fields": {
    "is_allow_choices": false,
    "is_read_only": false,
    "is_allow_widgets": false,
    "is_could_be_used_in_conditions": false,
    "slug": "param_blog",
    "name": "\u0411\u043b\u043e\u0433",
    "icon": "icon-link",
    "admin_preview": "input",
    "kind": "profile",
    "allow_settings": [
      "param_help_text",
      "param_is_required"
    ],
    "required_settings": []
  }
},
{
  "model": "surveyme.answertype",
  "pk": 19,
  "fields": {
    "is_allow_choices": false,
    "is_read_only": false,
    "is_allow_widgets": false,
    "is_could_be_used_in_conditions": false,
    "slug": "param_website",
    "name": "\u0421\u0430\u0439\u0442",
    "icon": "icon-link",
    "admin_preview": "input",
    "kind": "profile",
    "allow_settings": [
      "param_help_text",
      "param_is_required"
    ],
    "required_settings": []
  }
},
{
  "model": "surveyme.answertype",
  "pk": 20,
  "fields": {
    "is_allow_choices": false,
    "is_read_only": false,
    "is_allow_widgets": false,
    "is_could_be_used_in_conditions": false,
    "slug": "param_social_account",
    "name": "\u0410\u043a\u043a\u0430\u0443\u043d\u0442 \u0432 \u0441\u043e\u0446. \u0441\u0435\u0442\u0438",
    "icon": "icon-twitter",
    "admin_preview": "input",
    "kind": "profile",
    "allow_settings": [
      "param_help_text",
      "param_is_required"
    ],
    "required_settings": []
  }
},
{
  "model": "surveyme.answertype",
  "pk": 21,
  "fields": {
    "is_allow_choices": false,
    "is_read_only": false,
    "is_allow_widgets": false,
    "is_could_be_used_in_conditions": false,
    "slug": "param_nickname",
    "name": "\u041d\u0438\u043a",
    "icon": "icon-italic",
    "admin_preview": "input",
    "kind": "profile",
    "allow_settings": [
      "param_help_text",
      "param_is_required"
    ],
    "required_settings": []
  }
},
{
  "model": "surveyme.answertype",
  "pk": 22,
  "fields": {
    "is_allow_choices": false,
    "is_read_only": false,
    "is_allow_widgets": false,
    "is_could_be_used_in_conditions": false,
    "slug": "param_phone",
    "name": "\u0422\u0435\u043b\u0435\u0444\u043e\u043d",
    "icon": "icon-phone",
    "admin_preview": "input",
    "kind": "profile",
    "allow_settings": [
      "param_help_text",
      "param_is_required"
    ],
    "required_settings": []
  }
},
{
  "model": "surveyme.answertype",
  "pk": 23,
  "fields": {
    "is_allow_choices": false,
    "is_read_only": false,
    "is_allow_widgets": false,
    "is_could_be_used_in_conditions": false,
    "slug": "param_yandex_adv_network_account",
    "name": "\u0410\u043a\u043a\u0430\u0443\u043d\u0442 \u0432 \u0420\u0421\u042f",
    "icon": "icon-italic",
    "admin_preview": "input",
    "kind": "profile",
    "allow_settings": [
      "param_help_text",
      "param_is_required"
    ],
    "required_settings": []
  }
},
{
  "model": "surveyme.answertype",
  "pk": 24,
  "fields": {
    "is_allow_choices": false,
    "is_read_only": false,
    "is_allow_widgets": false,
    "is_could_be_used_in_conditions": false,
    "slug": "param_school",
    "name": "\u0428\u043a\u043e\u043b\u0430",
    "icon": "icon-italic",
    "admin_preview": "input",
    "kind": "profile",
    "allow_settings": [
      "param_help_text",
      "param_is_required"
    ],
    "required_settings": []
  }
},
{
  "model": "surveyme.answertype",
  "pk": 25,
  "fields": {
    "is_allow_choices": false,
    "is_read_only": false,
    "is_allow_widgets": false,
    "is_could_be_used_in_conditions": false,
    "slug": "param_school_class",
    "name": "\u041a\u043b\u0430\u0441\u0441",
    "icon": "icon-italic",
    "admin_preview": "input",
    "kind": "profile",
    "allow_settings": [
      "param_help_text",
      "param_is_required"
    ],
    "required_settings": []
  }
},
{
  "model": "surveyme.answertype",
  "pk": 26,
  "fields": {
    "is_allow_choices": false,
    "is_read_only": false,
    "is_allow_widgets": false,
    "is_could_be_used_in_conditions": false,
    "slug": "param_achievements",
    "name": "\u0414\u043e\u0441\u0442\u0438\u0436\u0435\u043d\u0438\u044f",
    "icon": "icon-italic",
    "admin_preview": "textarea",
    "kind": "profile",
    "allow_settings": [
      "param_help_text",
      "param_is_required"
    ],
    "required_settings": []
  }
},
{
  "model": "surveyme.answertype",
  "pk": 27,
  "fields": {
    "is_allow_choices": false,
    "is_read_only": false,
    "is_allow_widgets": false,
    "is_could_be_used_in_conditions": false,
    "slug": "answer_themes",
    "name": "\u0422\u0435\u043c\u044b",
    "icon": "icon-tag",
    "admin_preview": "themes",
    "kind": "generic",
    "allow_settings": [
      "param_help_text",
      "param_is_allow_multiple_choice",
      "param_is_required",
      "param_themes"
    ],
    "required_settings": [
      "param_themes"
    ]
  }
},
{
  "model": "surveyme.answertype",
  "pk": 28,
  "fields": {
    "is_allow_choices": false,
    "is_read_only": true,
    "is_allow_widgets": false,
    "is_could_be_used_in_conditions": false,
    "slug": "answer_statement",
    "name": "\u0421\u043e\u043e\u0431\u0449\u0435\u043d\u0438\u0435",
    "icon": "icon-quote-left",
    "admin_preview": "statement",
    "kind": "generic",
    "allow_settings": [
      "param_help_text",
      "param_is_section_header"
    ],
    "required_settings": []
  }
},
{
  "model": "surveyme.answertype",
  "pk": 29,
  "fields": {
    "is_allow_choices": false,
    "is_read_only": false,
    "is_allow_widgets": false,
    "is_could_be_used_in_conditions": false,
    "slug": "answer_file",
    "name": "\u0424\u0430\u0439\u043b",
    "icon": "icon-paper-clip",
    "admin_preview": "file",
    "kind": "generic",
    "allow_settings": [
      "param_help_text",
      "param_is_required",
      "param_max_file_size"
    ],
    "required_settings": []
  }
},
{
  "model": "surveyme.answertype",
  "pk": 30,
  "fields": {
    "is_allow_choices": false,
    "is_read_only": false,
    "is_allow_widgets": false,
    "is_could_be_used_in_conditions": false,
    "slug": "answer_count_of_tickets",
    "name": "\u041a\u043e\u043b\u0438\u0447\u0435\u0441\u0442\u0432\u043e \u0431\u0438\u043b\u0435\u0442\u043e\u0432",
    "icon": "icon-money",
    "admin_preview": "payment",
    "kind": "generic",
    "allow_settings": [
      "param_help_text",
      "param_is_required",
      "param_max",
      "param_min",
      "param_price",
      "param_variables"
    ],
    "required_settings": [
      "param_max",
      "param_variables"
    ]
  }
},
{
  "model": "surveyme.answertype",
  "pk": 31,
  "fields": {
    "is_allow_choices": false,
    "is_read_only": false,
    "is_allow_widgets": false,
    "is_could_be_used_in_conditions": false,
    "slug": "answer_number",
    "name": "\u041f\u043e\u043b\u0435 \u0432\u0432\u043e\u0434\u0430 \u0446\u0438\u0444\u0440",
    "icon": "icon-italic",
    "admin_preview": "payment",
    "kind": "generic",
    "allow_settings": [
      "param_help_text",
      "param_initial",
      "param_is_hidden",
      "param_is_required",
      "param_max",
      "param_min",
      "param_slug"
    ],
    "required_settings": [
      "param_max",
      "param_min"
    ]
  }
},
{
  "model": "surveyme.answertype",
  "pk": 32,
  "fields": {
    "is_allow_choices": false,
    "is_read_only": false,
    "is_allow_widgets": false,
    "is_could_be_used_in_conditions": true,
    "slug": "answer_non_profile_email",
    "name": "Email",
    "icon": "icon-envelope",
    "admin_preview": "input",
    "kind": "generic",
    "allow_settings": [
      "param_help_text",
      "param_hint_data_source",
      "param_initial",
      "param_is_hidden",
      "param_is_required",
      "param_slug"
    ],
    "required_settings": []
  }
},
{
  "model": "surveyme.answertype",
  "pk": 33,
  "fields": {
    "is_allow_choices": false,
    "is_read_only": false,
    "is_allow_widgets": false,
    "is_could_be_used_in_conditions": true,
    "slug": "answer_boolean",
    "name": "\u0414\u0430/\u041d\u0435\u0442",
    "icon": "icon-check",
    "admin_preview": "checkbox",
    "kind": "generic",
    "allow_settings": [
      "param_help_text",
      "param_initial",
      "param_is_required",
      "param_slug"
    ],
    "required_settings": []
  }
},
{
  "model": "surveyme.answertype",
  "pk": 34,
  "fields": {
    "is_allow_choices": false,
    "is_read_only": false,
    "is_allow_widgets": false,
    "is_could_be_used_in_conditions": false,
    "slug": "answer_files",
    "name": "\u0424\u0430\u0439\u043b\u044b",
    "icon": "icon-paper-clip",
    "admin_preview": "file",
    "kind": "generic",
    "allow_settings": [
      "param_help_text",
      "param_is_required",
      "param_max_files_count",
      "param_max_file_size"
    ],
    "required_settings": []
  }
},
{
  "model": "surveyme.answertype",
  "pk": 35,
  "fields": {
    "is_allow_choices": false,
    "is_read_only": false,
    "is_allow_widgets": false,
    "is_could_be_used_in_conditions": true,
    "slug": "answer_url",
    "name": "URL",
    "icon": "icon-link",
    "admin_preview": "input",
    "kind": "generic",
    "allow_settings": [
      "param_help_text",
      "param_hint_data_source",
      "param_initial",
      "param_is_required",
      "param_slug"
    ],
    "required_settings": []
  }
},
{
  "model": "surveyme.answertype",
  "pk": 36,
  "fields": {
    "is_allow_choices": false,
    "is_read_only": false,
    "is_allow_widgets": false,
    "is_could_be_used_in_conditions": false,
    "slug": "answer_surname",
    "name": "\u0424\u0430\u043c\u0438\u043b\u0438\u044f",
    "icon": "icon-male",
    "admin_preview": "input",
    "kind": "generic",
    "allow_settings": [
      "param_help_text",
      "param_initial",
      "param_is_hidden",
      "param_is_required",
      "param_slug"
    ],
    "required_settings": []
  }
},
{
  "model": "surveyme.answertype",
  "pk": 37,
  "fields": {
    "is_allow_choices": false,
    "is_read_only": false,
    "is_allow_widgets": false,
    "is_could_be_used_in_conditions": false,
    "slug": "answer_name",
    "name": "\u0418\u043c\u044f",
    "icon": "icon-male",
    "admin_preview": "input",
    "kind": "generic",
    "allow_settings": [
      "param_help_text",
      "param_initial",
      "param_is_hidden",
      "param_is_required",
      "param_slug"
    ],
    "required_settings": []
  }
},
{
  "model": "surveyme.answertype",
  "pk": 38,
  "fields": {
    "is_allow_choices": false,
    "is_read_only": false,
    "is_allow_widgets": false,
    "is_could_be_used_in_conditions": true,
    "slug": "answer_phone",
    "name": "\u0422\u0435\u043b\u0435\u0444\u043e\u043d",
    "icon": "icon-phone",
    "admin_preview": "input",
    "kind": "generic",
    "allow_settings": [
      "param_help_text",
      "param_initial",
      "param_is_hidden",
      "param_is_required",
      "param_slug"
    ],
    "required_settings": []
  }
},
{
  "model": "surveyme.answertype",
  "pk": 39,
  "fields": {
    "is_allow_choices": false,
    "is_read_only": false,
    "is_allow_widgets": false,
    "is_could_be_used_in_conditions": true,
    "slug": "answer_date",
    "name": "\u0414\u0430\u0442\u0430",
    "icon": "icon-calendar",
    "admin_preview": "date",
    "kind": "generic",
    "allow_settings": [
      "param_date_field_max",
      "param_date_field_min",
      "param_date_field_type",
      "param_help_text",
      "param_is_required"
    ],
    "required_settings": []
  }
},
{
  "model": "surveyme.surveyquestionhinttype",
  "pk": 1,
  "fields": {
    "name": "Email \u0438\u0437 \u043f\u0430\u0441\u043f\u043e\u0440\u0442\u0430",
    "slug": "passport_email"
  }
},
{
  "model": "surveyme.validatortype",
  "pk": 1,
  "fields": {
    "name": "\u0412\u043d\u0435\u0448\u043d\u0438\u0439 \u0432\u0430\u043b\u0438\u0434\u0430\u0442\u043e\u0440",
    "slug": "external",
    "is_external": true,
    "answer_types": [
      1,
      2,
      3,
      31,
      32,
      33,
      35,
      36,
      37,
      38,
      39
    ]
  }
},
{
  "model": "surveyme.validatortype",
  "pk": 2,
  "fields": {
    "name": "\u0412\u0430\u043b\u0438\u0434\u0430\u0446\u0438\u044f \u0434\u0440\u043e\u0431\u043d\u044b\u0445 \u0447\u0438\u0441\u0435\u043b",
    "slug": "decimal",
    "is_external": false,
    "answer_types": [
      1
    ]
  }
},
{
  "model": "surveyme_integration.servicetype",
  "pk": 2,
  "fields": {
    "title": "Email",
    "slug": "email"
  }
},
{
  "model": "surveyme_integration.servicetype",
  "pk": 6,
  "fields": {
    "title": "\u0421\u0442\u0430\u0440\u0442\u0440\u0435\u043a",
    "slug": "startrek"
  }
},
{
  "model": "surveyme_integration.servicetype",
  "pk": 7,
  "fields": {
    "title": "\u0412\u0438\u043a\u0438",
    "slug": "wiki"
  }
},
{
  "model": "surveyme_integration.servicetypeaction",
  "pk": 3,
  "fields": {
    "service_type": 2,
    "title": "\u041e\u0442\u043f\u0440\u0430\u0432\u0438\u0442\u044c",
    "slug": "send"
  }
},
{
  "model": "surveyme_integration.servicetypeaction",
  "pk": 7,
  "fields": {
    "service_type": 6,
    "title": "\u0421\u043e\u0437\u0434\u0430\u0442\u044c \u0442\u0438\u043a\u0435\u0442",
    "slug": "create_ticket"
  }
},
{
  "model": "surveyme_integration.servicetypeaction",
  "pk": 8,
  "fields": {
    "service_type": 6,
    "title": "\u041e\u0431\u043d\u043e\u0432\u0438\u0442\u044c \u0438\u043b\u0438 \u0441\u043e\u0437\u0434\u0430\u0442\u044c \u0442\u0438\u043a\u0435\u0442",
    "slug": "update_or_create_ticket"
  }
},
{
  "model": "surveyme_integration.servicetypeaction",
  "pk": 9,
  "fields": {
    "service_type": 7,
    "title": "\u0414\u043e\u0431\u0430\u0432\u0438\u0442\u044c \u043d\u0430 \u0432\u0438\u043a\u0438 \u0441\u0442\u0440\u0430\u043d\u0438\u0446\u0443",
    "slug": "append_to_wiki_page"
  }
},
{
  "model": "surveyme_integration.surveyhooktrigger",
  "pk": 1,
  "fields": {
    "title": "\u0421\u043e\u0437\u0434\u0430\u043d\u0438\u0435",
    "slug": "create"
  }
},
{
  "model": "surveyme_integration.surveyhooktrigger",
  "pk": 2,
  "fields": {
    "title": "\u041e\u0431\u043d\u043e\u0432\u043b\u0435\u043d\u0438\u0435",
    "slug": "update"
  }
}
]
