
-- ft
INSERT INTO ft VALUES (631000, NULL, 631, 5);
INSERT INTO ft VALUES (671001, NULL, 671, NULL, NULL, 5);
INSERT INTO ft VALUES (671002, NULL, 671, NULL, NULL, 5);
INSERT INTO ft VALUES (2201001, 631000, 2201, NULL, NULL, 5);
INSERT INTO ft VALUES (2205001, 2201001, 2205, NULL, NULL, 5);
INSERT INTO ft VALUES (2206011, 2205001, 2206, NULL, NULL, 5);
INSERT INTO ft VALUES (2206012, 2205001, 2206, NULL, NULL, 5);
INSERT INTO ft VALUES (2206013, 2205001, 2206, NULL, NULL, 5);
INSERT INTO ft VALUES (2211000, NULL, 2211, NULL, NULL, 5, 0, 5, 0, NULL, NULL, NULL);

-- ft_attr
INSERT INTO ft_attr VALUES (2205001, 'type', 'circular');
INSERT INTO ft_attr VALUES (2211000, 'ft_type_id', '2201');
INSERT INTO ft_attr VALUES (2211000, 'name', '100Э');
INSERT INTO ft_attr VALUES (2211000, 'priority', NULL);

-- ft_center
INSERT INTO ft_center VALUES (631000, 631000);
INSERT INTO ft_center VALUES (671001, 671001);
INSERT INTO ft_center VALUES (671002, 671002);

-- ft_ft
INSERT INTO ft_ft VALUES (631000, 2201001, 'assigned_bus');
INSERT INTO ft_ft VALUES (2201001, 671001, 'assigned');
INSERT INTO ft_ft VALUES (2201001, 671002, 'assigned');
INSERT INTO ft_ft VALUES (2201001, 2205001, 'assigned_thread');
INSERT INTO ft_ft VALUES (2201001, 2211000, 'alias');
INSERT INTO ft_ft VALUES (671002, 2206011, 'assigned_thread_stop');
INSERT INTO ft_ft VALUES (671001, 2206012, 'assigned_thread_stop');
INSERT INTO ft_ft VALUES (671002, 2206013, 'assigned_thread_stop');
INSERT INTO ft_ft VALUES (2205001, 2206011, 'part');
INSERT INTO ft_ft VALUES (2205001, 2206012, 'part');
INSERT INTO ft_ft VALUES (2205001, 2206013, 'part');
INSERT INTO ft_ft VALUES (2206012, 2206011, 'previous');
INSERT INTO ft_ft VALUES (2206013, 2206012, 'previous');

-- ft_nm
INSERT INTO ft_nm VALUES (6710010, 671001, 'ru', NULL, NULL, NULL, NULL, TRUE, FALSE, 'Остановка 1', 0);
INSERT INTO ft_nm VALUES (6710020, 671002, 'ru', NULL, NULL, NULL, NULL, TRUE, FALSE, 'Остановка 2', 0);
INSERT INTO ft_nm VALUES (22010010, 2201001, 'ru', NULL, NULL, NULL, NULL, TRUE, FALSE, '11', 0);
INSERT INTO ft_nm VALUES (22050010, 2205001, 'ru', NULL, NULL, NULL, NULL, TRUE, FALSE, 'Нитка 1', 0);

-- ft_rd_el
INSERT INTO ft_rd_el VALUES (2205001, 20000001);
INSERT INTO ft_rd_el VALUES (2205001, 20000002);
INSERT INTO ft_rd_el VALUES (2205001, 20000003);
INSERT INTO ft_rd_el VALUES (2205001, 20000004);
INSERT INTO ft_rd_el VALUES (2205001, 200000051);

-- ft_source
INSERT INTO ft_source VALUES (671001, 3, '671001');
INSERT INTO ft_source VALUES (671002, 3, '671002');
INSERT INTO ft_source VALUES (2201001, 3, '2201001');

-- node
INSERT INTO node VALUES (631000, '0101000020E6100000B34270E0FE894040F86E3A9CD5395140');
INSERT INTO node VALUES (671001, '0101000020E61000006992888B048A4040ABE40305D5395140');
INSERT INTO node VALUES (671002, '0101000020E610000056E48980008A4040FE084200D0395140');

-- rd_el
INSERT INTO rd_el VALUES (20000001, 10000001, 10000002, 7, 0, 73, 60, 0, 0, 'B', 31, 0, 0, 0, 0, 0, 1, 0, 0, 0, 'N', 0, 0, 0, 0, 0, 0, NULL, NULL, '0102000020E610000003000000B34270E0FE894040F86E3A9CD539514034BAF074088A4040BAC88633D4395140446B701B008A4040B69D23E3D2395140');
INSERT INTO rd_el VALUES (20000002, 10000002, 10000003, 7, 0, 73, 60, 0, 0, 'B', 31, 0, 0, 0, 0, 0, 1, 0, 0, 0, 'N', 0, 0, 0, 0, 0, 0, NULL, NULL, '0102000020E610000002000000446B701B008A4040B69D23E3D23951403C9EEFD7FF89404013CEA6D7D1395140');
INSERT INTO rd_el VALUES (20000003, 10000003, 10000004, 7, 0, 73, 60, 0, 0, 'B', 31, 0, 0, 0, 0, 0, 1, 0, 0, 0, 'N', 0, 0, 0, 0, 0, 0, NULL, NULL, '0102000020E6100000030000003C9EEFD7FF89404013CEA6D7D13951406BAA70C9068A4040CDBF774AD0395140E44DF0E0F6894040F39F0D77D0395140');
INSERT INTO rd_el VALUES (20000004, 10000001, 10000002, 7, 0, 73, 60, 0, 0, 'B', 31, 0, 0, 0, 0, 0, 1, 0, 0, 0, 'N', 0, 0, 0, 0, 0, 0, NULL, NULL, '0102000020E610000002000000B34270E0FE894040F86E3A9CD5395140446B701B008A4040B69D23E3D2395140');
INSERT INTO rd_el VALUES (200000051, 10000004, 10000003, 7, 0, 73, 60, 0, 0, 'B', 31, 0, 0, 0, 0, 0, 1, 0, 0, 0, 'N', 0, 0, 0, 0, 0, 0, NULL, NULL, '0102000020E610000002000000E44DF0E0F6894040F39F0D77D03951403C9EEFD7FF89404013CEA6D7D1395140');

-- rd_jc
INSERT INTO rd_jc VALUES (10000001, '0101000020E6100000B34270E0FE894040F86E3A9CD5395140');
INSERT INTO rd_jc VALUES (10000002, '0101000020E6100000446B701B008A4040B69D23E3D2395140');
INSERT INTO rd_jc VALUES (10000003, '0101000020E61000003C9EEFD7FF89404013CEA6D7D1395140');
INSERT INTO rd_jc VALUES (10000004, '0101000020E6100000E44DF0E0F6894040F39F0D77D0395140');
