INSERT INTO ft VALUES (13787348848, NULL, 671, NULL, NULL, 5, 0, 5, 0, NULL, NULL, NULL);
INSERT INTO ft VALUES (13787348849, 13787349088, 2201, NULL, NULL, 5, 0, 5, 0, NULL, NULL, NULL);
INSERT INTO ft VALUES (13787348858, NULL, 671, NULL, NULL, 5, 0, 5, 0, NULL, NULL, NULL);
INSERT INTO ft VALUES (13787348868, NULL, 671, NULL, NULL, 5, 0, 5, 0, NULL, NULL, NULL);
INSERT INTO ft VALUES (13787348878, NULL, 671, NULL, NULL, 5, 0, 5, 0, NULL, NULL, NULL);
INSERT INTO ft VALUES (13787348888, NULL, 671, NULL, NULL, 5, 0, 5, 0, NULL, NULL, NULL);
INSERT INTO ft VALUES (13787348898, NULL, 671, NULL, NULL, 10, 0, 5, 0, 10, NULL, NULL);
INSERT INTO ft VALUES (13787348968, 13787348849, 2205, NULL, NULL, 5, 0, 5, 0, NULL, NULL, NULL);
INSERT INTO ft VALUES (13787348969, 13787348968, 2206, NULL, NULL, 5, 0, 5, 0, NULL, NULL, NULL);
INSERT INTO ft VALUES (13787348970, 13787348968, 2206, NULL, NULL, 5, 0, 5, 0, NULL, NULL, NULL);
INSERT INTO ft VALUES (13787348971, 13787348968, 2206, NULL, NULL, 5, 0, 5, 0, NULL, NULL, NULL);
INSERT INTO ft VALUES (13787348988, NULL, 671, NULL, NULL, 5, 0, 5, 0, NULL, NULL, NULL);
INSERT INTO ft VALUES (13787349008, 13787348849, 2205, NULL, NULL, 5, 0, 5, 0, NULL, NULL, NULL);
INSERT INTO ft VALUES (13787349009, 13787349008, 2206, NULL, NULL, 5, 0, 5, 0, NULL, NULL, NULL);
INSERT INTO ft VALUES (13787349010, 13787349008, 2206, NULL, NULL, 5, 0, 5, 0, NULL, NULL, NULL);
INSERT INTO ft VALUES (13787349011, 13787349008, 2206, NULL, NULL, 5, 0, 5, 0, NULL, NULL, NULL);
INSERT INTO ft VALUES (13787349028, NULL, 2217, NULL, NULL, 5, 0, 5, 0, NULL, NULL, NULL);
INSERT INTO ft VALUES (13787349029, 13787349028, 2206, NULL, NULL, 5, 0, 5, 0, NULL, NULL, NULL);
INSERT INTO ft VALUES (13787349030, 13787349028, 2206, NULL, NULL, 5, 0, 5, 0, NULL, NULL, NULL);
INSERT INTO ft VALUES (13787349031, 13787349028, 2206, NULL, NULL, 5, 0, 5, 0, NULL, NULL, NULL);
INSERT INTO ft VALUES (13787349068, NULL, 2217, NULL, NULL, 5, 0, 5, 0, NULL, NULL, NULL);
INSERT INTO ft VALUES (13787349078, NULL, 2217, NULL, NULL, 5, 0, 5, 0, NULL, NULL, NULL);
INSERT INTO ft VALUES (13787349088, NULL, 631, NULL, NULL, 5, 0, 5, 0, NULL, NULL, NULL);
INSERT INTO ft_attr VALUES (13787348898, 'waypoint', '1');
INSERT INTO ft_attr VALUES (13787348968, 'type', 'linear');
INSERT INTO ft_attr VALUES (13787349008, 'type', 'linear');
INSERT INTO ft_attr VALUES (13787349028, 'is_predictable', '1');
INSERT INTO ft_attr VALUES (13787349068, 'is_predictable', '1');
INSERT INTO ft_attr VALUES (13787349078, 'is_predictable', '1');
INSERT INTO ft_center VALUES (13787348848, 13787348848);
INSERT INTO ft_center VALUES (13787348858, 13787348858);
INSERT INTO ft_center VALUES (13787348868, 13787348868);
INSERT INTO ft_center VALUES (13787348878, 13787348878);
INSERT INTO ft_center VALUES (13787348888, 13787348888);
INSERT INTO ft_center VALUES (13787348898, 13787348898);
INSERT INTO ft_center VALUES (13787348988, 13787348988);
INSERT INTO ft_center VALUES (13787349088, 13787349088);
INSERT INTO ft_ft VALUES (13787348848, 13787348969, 'assigned_thread_stop');
INSERT INTO ft_ft VALUES (13787348849, 13787348848, 'assigned');
INSERT INTO ft_ft VALUES (13787348849, 13787348858, 'assigned');
INSERT INTO ft_ft VALUES (13787348849, 13787348868, 'assigned');
INSERT INTO ft_ft VALUES (13787348849, 13787348878, 'assigned');
INSERT INTO ft_ft VALUES (13787348849, 13787348888, 'assigned');
INSERT INTO ft_ft VALUES (13787348849, 13787348898, 'assigned');
INSERT INTO ft_ft VALUES (13787348849, 13787348968, 'assigned_thread');
INSERT INTO ft_ft VALUES (13787348849, 13787348988, 'assigned');
INSERT INTO ft_ft VALUES (13787348849, 13787349008, 'assigned_thread');
INSERT INTO ft_ft VALUES (13787348858, 13787348970, 'assigned_thread_stop');
INSERT INTO ft_ft VALUES (13787348868, 13787349010, 'assigned_thread_stop');
INSERT INTO ft_ft VALUES (13787348878, 13787348971, 'assigned_thread_stop');
INSERT INTO ft_ft VALUES (13787348878, 13787349029, 'assigned_thread_stop');
INSERT INTO ft_ft VALUES (13787348888, 13787349009, 'assigned_thread_stop');
INSERT INTO ft_ft VALUES (13787348888, 13787349031, 'assigned_thread_stop');
INSERT INTO ft_ft VALUES (13787348898, 13787349030, 'assigned_thread_stop');
INSERT INTO ft_ft VALUES (13787348968, 13787348969, 'part');
INSERT INTO ft_ft VALUES (13787348968, 13787348970, 'part');
INSERT INTO ft_ft VALUES (13787348968, 13787348971, 'part');
INSERT INTO ft_ft VALUES (13787348970, 13787348969, 'previous');
INSERT INTO ft_ft VALUES (13787348971, 13787348970, 'previous');
INSERT INTO ft_ft VALUES (13787348988, 13787349011, 'assigned_thread_stop');
INSERT INTO ft_ft VALUES (13787349008, 13787349009, 'part');
INSERT INTO ft_ft VALUES (13787349008, 13787349010, 'part');
INSERT INTO ft_ft VALUES (13787349008, 13787349011, 'part');
INSERT INTO ft_ft VALUES (13787349010, 13787349009, 'previous');
INSERT INTO ft_ft VALUES (13787349011, 13787349010, 'previous');
INSERT INTO ft_ft VALUES (13787349028, 13787348968, 'src_thread');
INSERT INTO ft_ft VALUES (13787349028, 13787349008, 'dst_thread');
INSERT INTO ft_ft VALUES (13787349028, 13787349029, 'connector_part');
INSERT INTO ft_ft VALUES (13787349028, 13787349030, 'connector_part');
INSERT INTO ft_ft VALUES (13787349028, 13787349031, 'connector_part');
INSERT INTO ft_ft VALUES (13787349030, 13787349029, 'previous');
INSERT INTO ft_ft VALUES (13787349031, 13787349030, 'previous');
INSERT INTO ft_ft VALUES (13787349068, 13787348968, 'dst_thread');
INSERT INTO ft_ft VALUES (13787349068, 13787349008, 'src_thread');
INSERT INTO ft_ft VALUES (13787349078, 13787348968, 'dst_thread');
INSERT INTO ft_ft VALUES (13787349078, 13787349008, 'src_thread');
INSERT INTO ft_ft VALUES (13787349088, 13787348849, 'assigned_bus');
INSERT INTO ft_nm VALUES (13787348853, 13787348849, 'ru', NULL, NULL, NULL, NULL, true, false, '100', 0);
INSERT INTO ft_nm VALUES (13787348899, 13787348898, 'ru', NULL, NULL, NULL, NULL, true, false, 'Разворотная', 0);
INSERT INTO ft_nm VALUES (13787348908, 13787348888, 'ru', NULL, NULL, NULL, NULL, true, false, 'Восточная', 0);
INSERT INTO ft_nm VALUES (13787348918, 13787348878, 'ru', NULL, NULL, NULL, NULL, true, false, 'Восточная', 0);
INSERT INTO ft_nm VALUES (13787348928, 13787348868, 'ru', NULL, NULL, NULL, NULL, true, false, 'Центральная', 0);
INSERT INTO ft_nm VALUES (13787348938, 13787348858, 'ru', NULL, NULL, NULL, NULL, true, false, 'Центральная', 0);
INSERT INTO ft_nm VALUES (13787348948, 13787348848, 'ru', NULL, NULL, NULL, NULL, true, false, 'Западная', 0);
INSERT INTO ft_nm VALUES (13787348989, 13787348988, 'ru', NULL, NULL, NULL, NULL, true, false, 'Западная', 0);
INSERT INTO ft_nm VALUES (13787349089, 13787349088, 'ru', NULL, NULL, NULL, NULL, true, false, 'Тестовая сеть', 0);
INSERT INTO ft_rd_el VALUES (13787348968, 13787348800);
INSERT INTO ft_rd_el VALUES (13787349008, 13787348800);
INSERT INTO ft_rd_el VALUES (13787349028, 13787348800);
INSERT INTO ft_rd_el VALUES (13787349028, 13787348809);
INSERT INTO ft_rd_el VALUES (13787349028, 13787348818);
INSERT INTO ft_rd_el VALUES (13787349078, 13787349049);
INSERT INTO ft_rd_el VALUES (13787349078, 13787349058);
INSERT INTO ft_source VALUES (13787348848, 3, '13787348848');
INSERT INTO ft_source VALUES (13787348849, 3, '13787348849');
INSERT INTO ft_source VALUES (13787348858, 3, '13787348858');
INSERT INTO ft_source VALUES (13787348868, 3, '13787348868');
INSERT INTO ft_source VALUES (13787348878, 3, '13787348878');
INSERT INTO ft_source VALUES (13787348888, 3, '13787348888');
INSERT INTO ft_source VALUES (13787348898, 3, '13787348898');
INSERT INTO ft_source VALUES (13787348968, 3, '13787348968');
INSERT INTO ft_source VALUES (13787348988, 3, '13787348988');
INSERT INTO ft_source VALUES (13787349008, 3, '13787349008');
INSERT INTO node VALUES (13787348848, '0101000020E610000034B8994915E34540CE55D20EA8254C40');
INSERT INTO node VALUES (13787348858, '0101000020E61000000F7A99D579E345400681C0C3A7254C40');
INSERT INTO node VALUES (13787348868, '0101000020E61000000F7A99D579E34540D95DBCF9AF254C40');
INSERT INTO node VALUES (13787348878, '0101000020E610000096E19895C8E34540E5F909F0A8254C40');
INSERT INTO node VALUES (13787348888, '0101000020E6100000B73B99EFC8E345403C584305AE254C40');
INSERT INTO node VALUES (13787348898, '0101000020E61000008F029AC105E44540ADAE1F6FAD254C40');
INSERT INTO node VALUES (13787348988, '0101000020E6100000C05F8F3314E345405FFA2C09AF254C40');
INSERT INTO node VALUES (13787349088, '0101000020E6100000BD0E9A3277E34540F434A765C0254C40');
INSERT INTO rd_el VALUES (13787348800, 13787348798, 13787348799, 7, 0, 73, 60, 0, 0, 'B', 127, 0, 0, 0, 0, 0, 0, 1, 0, 0, 'N', 0, 0, 0, 0, 0, 0, NULL, NULL, '0102000020E6100000020000008F4E90EA11E345404C8A64CFAB254C40623E9024D7E34540AB507C33AC254C40', NULL, NULL, NULL, NULL, NULL);
INSERT INTO rd_el VALUES (13787348809, 13787348799, 13787348808, 7, 0, 73, 60, 0, 0, 'F', 127, 0, 0, 0, 0, 0, 0, 1, 0, 0, 'N', 0, 0, 0, 0, 0, 0, NULL, NULL, '0102000020E610000003000000623E9024D7E34540AB507C33AC254C4015CD8E4AEDE345404B65F9D6A1254C40A7ED8F92FFE34540276ADBC3AD254C40', NULL, NULL, NULL, NULL, NULL);
INSERT INTO rd_el VALUES (13787348818, 13787348808, 13787348799, 7, 0, 73, 60, 0, 0, 'F', 127, 0, 0, 0, 0, 0, 0, 1, 0, 0, 'N', 0, 0, 0, 0, 0, 0, NULL, NULL, '0102000020E610000003000000A7ED8F92FFE34540276ADBC3AD254C40F37B8ED4EAE3454013014CEEB7254C40623E9024D7E34540AB507C33AC254C40', NULL, NULL, NULL, NULL, NULL);
INSERT INTO rd_el VALUES (13787349049, 13787348798, 13787349048, 7, 0, 73, 60, 0, 0, 'F', 127, 0, 0, 0, 0, 0, 0, 1, 0, 0, 'N', 0, 0, 0, 0, 0, 0, NULL, NULL, '0102000020E6100000030000008F4E90EA11E345404C8A64CFAB254C40904D8FF902E34540EBEA819BB4254C40D1098FA0F2E245406C767E33AC254C40', NULL, NULL, NULL, NULL, NULL);
INSERT INTO rd_el VALUES (13787349058, 13787349048, 13787348798, 7, 0, 73, 60, 0, 0, 'F', 127, 0, 0, 0, 0, 0, 0, 1, 0, 0, 'N', 0, 0, 0, 0, 0, 0, NULL, NULL, '0102000020E610000003000000D1098FA0F2E245406C767E33AC254C402F3F8EEB01E34540B2D8564EA3254C408F4E90EA11E345404C8A64CFAB254C40', NULL, NULL, NULL, NULL, NULL);
INSERT INTO rd_jc VALUES (13787348798, '0101000020E61000008F4E90EA11E345404C8A64CFAB254C40');
INSERT INTO rd_jc VALUES (13787348799, '0101000020E6100000623E9024D7E34540AB507C33AC254C40');
INSERT INTO rd_jc VALUES (13787348808, '0101000020E6100000A7ED8F92FFE34540276ADBC3AD254C40');
INSERT INTO rd_jc VALUES (13787349048, '0101000020E6100000D1098FA0F2E245406C767E33AC254C40');
