-- ft
INSERT INTO ft VALUES (631000, NULL, 631, 5);
INSERT INTO ft VALUES (671001, NULL, 671, NULL, NULL, 5);
INSERT INTO ft VALUES (671002, NULL, 671, NULL, NULL, 5);
INSERT INTO ft VALUES (671003, NULL, 671, NULL, NULL, 5);
INSERT INTO ft VALUES (671004, NULL, 671, NULL, NULL, 5);
INSERT INTO ft VALUES (671005, NULL, 671, NULL, NULL, 5);
INSERT INTO ft VALUES (671006, NULL, 671, NULL, NULL, 5);
INSERT INTO ft VALUES (671007, NULL, 671, NULL, NULL, 5);
INSERT INTO ft VALUES (671008, NULL, 671, NULL, NULL, 5);
INSERT INTO ft VALUES (671009, NULL, 671, NULL, NULL, 5);
INSERT INTO ft VALUES (2201001, 631000, 2201, NULL, NULL, 5);
INSERT INTO ft VALUES (2203001, 631000, 2203, NULL, NULL, 5);
INSERT INTO ft VALUES (2205001, 2201001, 2205, NULL, NULL, 5);
INSERT INTO ft VALUES (2205002, 2201001, 2205, NULL, NULL, 5);
INSERT INTO ft VALUES (2212001, 2203001, 2212, NULL, NULL, 5);
INSERT INTO ft VALUES (2212002, 2203001, 2212, NULL, NULL, 5);
INSERT INTO ft VALUES (2217001, NULL, 2217, NULL, NULL, 5);
INSERT INTO ft VALUES (2217002, NULL, 2217, NULL, NULL, 5);
INSERT INTO ft VALUES (2218001, NULL, 2218, NULL, NULL, 5);
INSERT INTO ft VALUES (2206011, 2205001, 2206, NULL, NULL, 5);
INSERT INTO ft VALUES (2206012, 2205001, 2206, NULL, NULL, 5);
INSERT INTO ft VALUES (2206021, 2205002, 2206, NULL, NULL, 5);
INSERT INTO ft VALUES (2206022, 2205002, 2206, NULL, NULL, 5);
INSERT INTO ft VALUES (2206031, 2212001, 2206, NULL, NULL, 5);
INSERT INTO ft VALUES (2206032, 2212001, 2206, NULL, NULL, 5);
INSERT INTO ft VALUES (2206041, 2212002, 2206, NULL, NULL, 5);
INSERT INTO ft VALUES (2206042, 2212002, 2206, NULL, NULL, 5);
INSERT INTO ft VALUES (2206051, 2217001, 2206, NULL, NULL, 5);
INSERT INTO ft VALUES (2206052, 2217001, 2206, NULL, NULL, 5);
INSERT INTO ft VALUES (2206053, 2217001, 2206, NULL, NULL, 5);

-- ft_attr
INSERT INTO ft_attr VALUES (671009, 'waypoint', '1');
INSERT INTO ft_attr VALUES (2205001, 'type', 'linear');
INSERT INTO ft_attr VALUES (2205002, 'type', 'linear');
INSERT INTO ft_attr VALUES (2212001, 'type', 'linear');
INSERT INTO ft_attr VALUES (2212002, 'type', 'linear');
INSERT INTO ft_attr VALUES (2217001, 'is_predictable', '1');
INSERT INTO ft_attr VALUES (2217002, 'is_predictable', '1');

-- ft_center
INSERT INTO ft_center VALUES (631000, 631000);
INSERT INTO ft_center VALUES (671001, 671001);
INSERT INTO ft_center VALUES (671002, 671002);
INSERT INTO ft_center VALUES (671003, 671003);
INSERT INTO ft_center VALUES (671004, 671004);
INSERT INTO ft_center VALUES (671005, 671005);
INSERT INTO ft_center VALUES (671006, 671006);
INSERT INTO ft_center VALUES (671007, 671007);
INSERT INTO ft_center VALUES (671008, 671008);
INSERT INTO ft_center VALUES (671009, 671009);

-- ft_ft
INSERT INTO ft_ft VALUES (631000, 2201001, 'assigned_bus');
INSERT INTO ft_ft VALUES (631000, 2203001, 'assigned_tram');
INSERT INTO ft_ft VALUES (2201001, 671001, 'assigned');
INSERT INTO ft_ft VALUES (2201001, 671002, 'assigned');
INSERT INTO ft_ft VALUES (2201001, 671003, 'assigned');
INSERT INTO ft_ft VALUES (2201001, 671004, 'assigned');
INSERT INTO ft_ft VALUES (2203001, 671005, 'assigned');
INSERT INTO ft_ft VALUES (2203001, 671006, 'assigned');
INSERT INTO ft_ft VALUES (2203001, 671007, 'assigned');
INSERT INTO ft_ft VALUES (2203001, 671008, 'assigned');
INSERT INTO ft_ft VALUES (2201001, 2205001, 'assigned_thread');
INSERT INTO ft_ft VALUES (2201001, 2205002, 'assigned_thread');
INSERT INTO ft_ft VALUES (2203001, 2212001, 'assigned_thread');
INSERT INTO ft_ft VALUES (2203001, 2212002, 'assigned_thread');
INSERT INTO ft_ft VALUES (671001, 2206011, 'assigned_thread_stop');
INSERT INTO ft_ft VALUES (671002, 2206012, 'assigned_thread_stop');
INSERT INTO ft_ft VALUES (671003, 2206021, 'assigned_thread_stop');
INSERT INTO ft_ft VALUES (671004, 2206022, 'assigned_thread_stop');
INSERT INTO ft_ft VALUES (671005, 2206031, 'assigned_thread_stop');
INSERT INTO ft_ft VALUES (671006, 2206032, 'assigned_thread_stop');
INSERT INTO ft_ft VALUES (671007, 2206041, 'assigned_thread_stop');
INSERT INTO ft_ft VALUES (671008, 2206042, 'assigned_thread_stop');
INSERT INTO ft_ft VALUES (671002, 2206051, 'assigned_thread_stop');
INSERT INTO ft_ft VALUES (671009, 2206052, 'assigned_thread_stop');
INSERT INTO ft_ft VALUES (671003, 2206053, 'assigned_thread_stop');
INSERT INTO ft_ft VALUES (2205001, 2206011, 'part');
INSERT INTO ft_ft VALUES (2205001, 2206012, 'part');
INSERT INTO ft_ft VALUES (2205002, 2206021, 'part');
INSERT INTO ft_ft VALUES (2205002, 2206022, 'part');
INSERT INTO ft_ft VALUES (2212001, 2206031, 'part');
INSERT INTO ft_ft VALUES (2212001, 2206032, 'part');
INSERT INTO ft_ft VALUES (2212002, 2206041, 'part');
INSERT INTO ft_ft VALUES (2212002, 2206042, 'part');
INSERT INTO ft_ft VALUES (2217001, 2206051, 'connector_part');
INSERT INTO ft_ft VALUES (2217001, 2206052, 'connector_part');
INSERT INTO ft_ft VALUES (2217001, 2206053, 'connector_part');
INSERT INTO ft_ft VALUES (2206012, 2206011, 'previous');
INSERT INTO ft_ft VALUES (2206022, 2206021, 'previous');
INSERT INTO ft_ft VALUES (2206032, 2206031, 'previous');
INSERT INTO ft_ft VALUES (2206042, 2206041, 'previous');
INSERT INTO ft_ft VALUES (2206052, 2206051, 'previous');
INSERT INTO ft_ft VALUES (2206053, 2206052, 'previous');
INSERT INTO ft_ft VALUES (2217001, 2205001, 'src_thread');
INSERT INTO ft_ft VALUES (2217001, 2205002, 'dst_thread');
INSERT INTO ft_ft VALUES (2217002, 2205001, 'src_thread');
INSERT INTO ft_ft VALUES (2217002, 2205002, 'dst_thread');
INSERT INTO ft_ft VALUES (2218001, 2212001, 'src_thread');
INSERT INTO ft_ft VALUES (2218001, 2212002, 'dst_thread');

INSERT INTO ft_nm VALUES (6710010, 671001, 'ru', NULL, NULL, NULL, NULL, TRUE, FALSE, 'Остановка 1', 0);
INSERT INTO ft_nm VALUES (6710020, 671002, 'ru', NULL, NULL, NULL, NULL, TRUE, FALSE, 'Остановка 2', 0);
INSERT INTO ft_nm VALUES (6710030, 671003, 'ru', NULL, NULL, NULL, NULL, TRUE, FALSE, 'Остановка 3', 0);
INSERT INTO ft_nm VALUES (6710040, 671004, 'ru', NULL, NULL, NULL, NULL, TRUE, FALSE, 'Остановка 4', 0);
INSERT INTO ft_nm VALUES (6710050, 671005, 'ru', NULL, NULL, NULL, NULL, TRUE, FALSE, 'Остановка 5', 0);
INSERT INTO ft_nm VALUES (6710060, 671006, 'ru', NULL, NULL, NULL, NULL, TRUE, FALSE, 'Остановка 6', 0);
INSERT INTO ft_nm VALUES (6710070, 671007, 'ru', NULL, NULL, NULL, NULL, TRUE, FALSE, 'Остановка 7', 0);
INSERT INTO ft_nm VALUES (6710080, 671008, 'ru', NULL, NULL, NULL, NULL, TRUE, FALSE, 'Остановка 8', 0);
INSERT INTO ft_nm VALUES (6710090, 671009, 'ru', NULL, NULL, NULL, NULL, TRUE, FALSE, 'Виртуальная остановка', 0);
INSERT INTO ft_nm VALUES (22010010, 2201001, 'ru', NULL, NULL, NULL, NULL, TRUE, FALSE, 'Маршрут А', 0);
INSERT INTO ft_nm VALUES (22030010, 2203001, 'ru', NULL, NULL, NULL, NULL, TRUE, FALSE, 'Маршрут Т', 0);

-- ft_rd_el
INSERT INTO ft_rd_el VALUES (2205001, 20000001);
INSERT INTO ft_rd_el VALUES (2205001, 20000003);
INSERT INTO ft_rd_el VALUES (2205002, 20000002);
INSERT INTO ft_rd_el VALUES (2205002, 20000003);
INSERT INTO ft_rd_el VALUES (2217001, 20000001);
INSERT INTO ft_rd_el VALUES (2217001, 20000002);
INSERT INTO ft_rd_el VALUES (2217001, 20000003);

-- ft_edge
INSERT INTO ft_edge VALUES (2212001, 40000001);
INSERT INTO ft_edge VALUES (2212001, 40000003);
INSERT INTO ft_edge VALUES (2212002, 40000002);
INSERT INTO ft_edge VALUES (2212002, 40000003);
INSERT INTO ft_edge VALUES (2218001, 40000001);
INSERT INTO ft_edge VALUES (2218001, 40000002);
INSERT INTO ft_edge VALUES (2218001, 40000003);

-- rd_el
INSERT INTO rd_el VALUES (20000001, 10000001, 10000002, 7, 0, 73, 60, 0, 0, 'B', 31, 0, 0, 0, 0, 0, 1, 0, 0, 0, 'N', 0, 0, 0, 0, 0, 0, NULL, NULL, 'SRID=4326;LINESTRING(33.0000000 69.0000000, 33.0000000 69.0010000)');
INSERT INTO rd_el VALUES (20000002, 10000003, 10000004, 7, 0, 73, 60, 0, 0, 'B', 31, 0, 0, 0, 0, 0, 1, 0, 0, 0, 'N', 0, 0, 0, 0, 0, 0, NULL, NULL, 'SRID=4326;LINESTRING(33.0010000 69.0010000, 33.0010000 69.0000000)');
INSERT INTO rd_el VALUES (20000003, 10000002, 10000003, 7, 0, 73, 60, 0, 0, 'F', 8, 0, 0, 0, 0, 0, 1, 0, 0, 0, 'N', 0, 0, 0, 0, 0, 0, NULL, NULL, 'SRID=4326;LINESTRING(33.0000000 69.0010000, 33.0010000 69.0010000)');

-- edge
INSERT INTO edge VALUES (40000001, 30000001, 30000002, 0, 0, 'SRID=4326;LINESTRING(34.0000000 68.0000000, 34.0000000 68.0010000)');
INSERT INTO edge VALUES (40000002, 30000003, 30000004, 0, 0, 'SRID=4326;LINESTRING(34.0010000 68.0010000, 34.0010000 68.0000000)');
INSERT INTO edge VALUES (40000003, 30000002, 30000003, 0, 0, 'SRID=4326;LINESTRING(34.0000000 68.0010000, 34.0010000 68.0010000)');

-- rd_jc
INSERT INTO rd_jc VALUES (10000001, 'SRID=4326;POINT(33.0000000 69.0000000)');
INSERT INTO rd_jc VALUES (10000002, 'SRID=4326;POINT(33.0000000 69.0010000)');
INSERT INTO rd_jc VALUES (10000003, 'SRID=4326;POINT(33.0010000 69.0010000)');
INSERT INTO rd_jc VALUES (10000004, 'SRID=4326;POINT(33.0010000 69.0000000)');

-- node
INSERT INTO node VALUES (631000, 'SRID=4326;POINT(33.0000000 69.0000000)');
INSERT INTO node VALUES (671001, 'SRID=4326;POINT(33.0002000 69.0000000)');
INSERT INTO node VALUES (671002, 'SRID=4326;POINT(33.0002000 69.0008000)');
INSERT INTO node VALUES (671003, 'SRID=4326;POINT(33.0008000 69.0008000)');
INSERT INTO node VALUES (671004, 'SRID=4326;POINT(33.0008000 69.0000000)');
INSERT INTO node VALUES (671005, 'SRID=4326;POINT(34.0002000 68.0000000)');
INSERT INTO node VALUES (671006, 'SRID=4326;POINT(34.0002000 68.0008000)');
INSERT INTO node VALUES (671007, 'SRID=4326;POINT(34.0008000 68.0008000)');
INSERT INTO node VALUES (671008, 'SRID=4326;POINT(34.0008000 68.0000000)');
INSERT INTO node VALUES (671009, 'SRID=4326;POINT(33.0005000 69.0008000)');
INSERT INTO node VALUES (30000001, 'SRID=4326;POINT(34.0000000 68.0000000)');
INSERT INTO node VALUES (30000002, 'SRID=4326;POINT(34.0000000 68.0010000)');
INSERT INTO node VALUES (30000003, 'SRID=4326;POINT(34.0010000 68.0010000)');
INSERT INTO node VALUES (30000004, 'SRID=4326;POINT(34.0010000 68.0000000)');
