
-- ft
INSERT INTO ft VALUES (631000, NULL, 631, NULL, NULL, 5);
INSERT INTO ft VALUES (632001, 631000, 632, NULL, NULL, 5);
INSERT INTO ft VALUES (633001, 632001, 633, NULL, NULL, 5);
INSERT INTO ft VALUES (634001, 633001, 634, NULL, NULL, 5);
INSERT INTO ft VALUES (634002, 633001, 634, NULL, NULL, 5);
-- from station__1 to exit__1
INSERT INTO ft VALUES (2210001, NULL, 2210, NULL, NULL, 5);
-- from exit__2 to station__1
INSERT INTO ft VALUES (2210002, NULL, 2210, NULL, NULL, 5);

-- ft_attr
INSERT INTO ft_attr VALUES (632001, 'color', '#0A6F20');
INSERT INTO ft_attr VALUES (2210001, 'oneway', 'T');
INSERT INTO ft_attr VALUES (2210001, 'time', '120');
INSERT INTO ft_attr VALUES (2210002, 'oneway', 'F');
INSERT INTO ft_attr VALUES (2210002, 'time', '120');

-- ft_center
INSERT INTO ft_center VALUES (631000, 631000);
INSERT INTO ft_center VALUES (633001, 633001);
INSERT INTO ft_center VALUES (634001, 634001);
INSERT INTO ft_center VALUES (634002, 634002);

-- ft_ft
INSERT INTO ft_ft VALUES (631000, 632001, 'assigned_metro');
INSERT INTO ft_ft VALUES (632001, 633001, 'assigned');
INSERT INTO ft_ft VALUES (2210001, 633001, 'station');
INSERT INTO ft_ft VALUES (2210001, 634001, 'exit');
INSERT INTO ft_ft VALUES (2210002, 633001, 'station');
INSERT INTO ft_ft VALUES (2210002, 634002, 'exit');

-- ft_source
INSERT INTO ft_source VALUES (633001, 3, 'station__1');
INSERT INTO ft_source VALUES (632001, 3, 'line__1');
INSERT INTO ft_source VALUES (634001, 3, 'exit__1');
INSERT INTO ft_source VALUES (634002, 3, 'exit__2');

-- node
INSERT INTO node VALUES (631000, '0101000020E6100000B8713AB2FAC14240453C4EDB03E74B40');
INSERT INTO node VALUES (633001, '0101000020E6100000B8713AB2FAC14240453C4EDB03E74B40');
INSERT INTO node VALUES (634001, '0101000020E61000009CDDED8914C242401423D990F0E64B40');
INSERT INTO node VALUES (634002, '0101000020E61000009CDDED8914C242401423D990F0E64B40');

-- ft_nm
INSERT INTO ft_nm VALUES (6330010, 633001, 'ru', NULL, NULL, NULL, NULL, TRUE, FALSE, 'Станция', 0);
