------------------эту часть не менять без надобности
begin
delete from x_t_contract2; delete from x_t_contract_collateral; delete from x_mv_contract_signed_attr_hist; delete from x_t_invoice;
delete from x_t_person; delete from x_t_extprops; delete from x_t_act_internal; delete from x_t_act_trans; delete from x_t_consume; 
delete from x_t_order; delete from x_mv_ui_contract_apex;  delete from x_mv_contract_signed_attr; delete from x_yt_ar_direct_domain_stats; 
delete from x_yt_fin_docs; delete from x_mv_oebs_receipts_2; delete from x_mv_currency_rate; delete from x_t_ar_invoice_reward;
delete from x_t_ar_paid_periods; delete from x_v_group_order_act_div; delete from x_yt_new_domains;
delete from x_yt_loyal_domains;
delete  from t_comm_base_src where contract_id like '%00000%';
delete  from t_comm_prof_src where contract_id like '%00000%';
delete  from t_comm_kazakh_src where contract_id like '%00000%';
delete  from t_comm_belarus_src where contract_id like '%00000%';
delete  from t_comm_estate_src where contract_id like '%00000%';

------------------вставка инсертов из xls файла
insert into x_t_contract2(TMP_ID,ID,EXTERNAL_ID,CLIENT_ID) values(s_x_t_contract2.NEXTVAL, 1210000066, '1210000066/20',21210000066);insert into x_t_contract_collateral(TMP_ID,ID,CONTRACT2_ID,DT,IS_SIGNED) values(s_x_t_contract_collateral.NEXTVAL, 12100000661, 1210000066, date'2020-01-01', date'2020-01-01');insert into x_mv_contract_signed_attr (TMP_ID,CONTRACT_ID,COLLATERAL_ID,CODE,VALUE_DT) values (s_x_mv_contract_signed_attr.NEXTVAL, 1210000066, 12100000661,'FINISH_DT' ,date'2021-01-01');insert into x_mv_contract_signed_attr_hist(TMP_ID,VALUE_NUM,UPDATE_DT,CONTRACT2_ID,CODE,CL_DT,STAMP,DT) values(s_x_mv_contract_signed_attr_hist.NEXTVAL, 1, date'2020-01-01', 1210000066,'FIRM',date'2020-01-01',888532110374,date'2020-01-01');insert into x_mv_contract_signed_attr_hist(TMP_ID,VALUE_NUM,UPDATE_DT,CONTRACT2_ID,CODE,CL_DT,STAMP,DT) values(s_x_mv_contract_signed_attr_hist.NEXTVAL, 2, date'2020-01-01', 1210000066,'WHOLESALE_AGENT_PREMIUM_AWARDS_SCALE_TYPE',date'2020-01-01',888532110374,date'2020-01-01');insert into x_mv_contract_signed_attr_hist(TMP_ID,VALUE_NUM,UPDATE_DT,CONTRACT2_ID,CODE,CL_DT,STAMP,DT) values(s_x_mv_contract_signed_attr_hist.NEXTVAL, 3, date'2020-01-01', 1210000066,'PAYMENT_TYPE',date'2020-01-01',888532110374,date'2020-01-01');insert into x_t_invoice (TMP_ID,ID,DT, CLIENT_ID,EXTERNAL_ID,CONTRACT_ID,TOTAL_SUM,CURRENCY,DISCOUNT_TYPE,COMMISSION_TYPE,TYPE,LOYAL_CLIENTS,NDS,NDS_PCT,PERSON_ID) values (s_x_t_invoice.NEXTVAL, 32110373, date'2020-01-01',21210000066,'Б-32110373-1',1210000066,1200000.1,'RUR',7,7,'y_invoice',0,1,20, 77532110374);insert into x_t_person (TMP_ID,ID) values (s_x_t_person.NEXTVAL, 77532110374);insert into x_t_act_internal(TMP_ID,ID,DT,CLIENT_ID,INVOICE_ID,HIDDEN,AMOUNT,EXTERNAL_ID,PAYMENT_TERM_DT,IS_LOYAL,TYPE) values (s_x_t_act_internal.NEXTVAL, 4321103731,date'2020-01-02',21210000066, 32110373    ,1,  1200000.1  ,'43211037311',null, 0,'generic');insert into x_t_act_trans(TMP_ID, ACT_ID, CONSUME_ID, AMOUNT, AMOUNT_NDS, AMOUNT_NSP, NETTING, COMMISSION_TYPE) values (s_x_t_act_trans.NEXTVAL, 4321103731,  5532110373, 1200000.1, 200000.016666667,  0,null, 7);insert into x_t_consume (TMP_ID, ID, PARENT_ORDER_ID) values (s_x_t_consume.NEXTVAL, 5532110373,  9932110373);insert into x_t_order(TMP_ID, ID, SERVICE_ID, SERVICE_ORDER_ID, CLIENT_ID) values (s_x_t_order.NEXTVAL, 9932110373,  7,  7732110373,  532110374 );insert into x_mv_oebs_receipts_2(TMP_ID, INVOICE_EID, SUM, DT, DOC_DATE, COMISS_DATE, PAYMENT_NUMBER, SOURCE_TYPE) values (s_x_mv_oebs_receipts_2.NEXTVAL, 'Б-32110373-1', 1200000.1, date'2020-01-31',date'2020-01-31', null, '888532110374' ,'PAYCASH');insert into x_yt_ar_direct_domain_stats (ID,IS_GRAY,DOMAIN,IS_BLACKLIST,SERVICE_ID,COST,BILLING_EXPORT_ID,FROM_DT,TILL_DT,SERVICE_ORDER_ID) values(s_x_yt_ar_direct_domain_stats.NEXTVAL, 0, 'a32110373', 0,7,3330000000,7732110373,  date'2020-01-01',to_date('2020-01-31'||' '||'23:59:59','YYYY-MM-DD HH24:MI:SS'),7732110373);
insert into x_t_invoice (TMP_ID,ID,DT, CLIENT_ID,EXTERNAL_ID,CONTRACT_ID,TOTAL_SUM,CURRENCY,DISCOUNT_TYPE,COMMISSION_TYPE,TYPE,LOYAL_CLIENTS,NDS,NDS_PCT,PERSON_ID) values (s_x_t_invoice.NEXTVAL, 32110374, date'2020-01-01',21210000066,'Б-32110374-1',1210000066,180000,'RUR',7,7,'y_invoice',0,1,20, 77532110375);insert into x_t_person (TMP_ID,ID) values (s_x_t_person.NEXTVAL, 77532110375);insert into x_t_act_internal(TMP_ID,ID,DT,CLIENT_ID,INVOICE_ID,HIDDEN,AMOUNT,EXTERNAL_ID,PAYMENT_TERM_DT,IS_LOYAL,TYPE) values (s_x_t_act_internal.NEXTVAL, 4321103741,date'2020-01-03',21210000066, 32110374    ,1,  180000  ,'43211037411',null, 0,'generic');insert into x_t_act_trans(TMP_ID, ACT_ID, CONSUME_ID, AMOUNT, AMOUNT_NDS, AMOUNT_NSP, NETTING, COMMISSION_TYPE) values (s_x_t_act_trans.NEXTVAL, 4321103741,  5532110374, 180000, 30000,  0,null, 7);insert into x_t_consume (TMP_ID, ID, PARENT_ORDER_ID) values (s_x_t_consume.NEXTVAL, 5532110374,  9932110374);insert into x_t_order(TMP_ID, ID, SERVICE_ID, SERVICE_ORDER_ID, CLIENT_ID) values (s_x_t_order.NEXTVAL, 9932110374,  7,  7732110374,  532110375 );insert into x_mv_oebs_receipts_2(TMP_ID, INVOICE_EID, SUM, DT, DOC_DATE, COMISS_DATE, PAYMENT_NUMBER, SOURCE_TYPE) values (s_x_mv_oebs_receipts_2.NEXTVAL, 'Б-32110374-1', 180000, date'2020-01-31',date'2020-01-31', null, '888532110375' ,'PAYCASH');insert into x_yt_ar_direct_domain_stats (ID,IS_GRAY,DOMAIN,IS_BLACKLIST,SERVICE_ID,COST,BILLING_EXPORT_ID,FROM_DT,TILL_DT,SERVICE_ORDER_ID) values(s_x_yt_ar_direct_domain_stats.NEXTVAL, 0, 'a32110374', 0,7,3330000000,7732110374,  date'2020-01-01',to_date('2020-01-31'||' '||'23:59:59','YYYY-MM-DD HH24:MI:SS'),7732110374);
insert into x_t_invoice (TMP_ID,ID,DT, CLIENT_ID,EXTERNAL_ID,CONTRACT_ID,TOTAL_SUM,CURRENCY,DISCOUNT_TYPE,COMMISSION_TYPE,TYPE,LOYAL_CLIENTS,NDS,NDS_PCT,PERSON_ID) values (s_x_t_invoice.NEXTVAL, 32110375, date'2020-01-01',21210000066,'Б-32110375-1',1210000066,180000.1,'RUR',7,7,'y_invoice',0,1,20, 77532110376);insert into x_t_person (TMP_ID,ID) values (s_x_t_person.NEXTVAL, 77532110376);insert into x_t_act_internal(TMP_ID,ID,DT,CLIENT_ID,INVOICE_ID,HIDDEN,AMOUNT,EXTERNAL_ID,PAYMENT_TERM_DT,IS_LOYAL,TYPE) values (s_x_t_act_internal.NEXTVAL, 4321103751,date'2020-01-03',21210000066, 32110375    ,1,  180000.1  ,'43211037511',null, 0,'generic');insert into x_t_act_trans(TMP_ID, ACT_ID, CONSUME_ID, AMOUNT, AMOUNT_NDS, AMOUNT_NSP, NETTING, COMMISSION_TYPE) values (s_x_t_act_trans.NEXTVAL, 4321103751,  5532110375, 180000.1, 30000.0166666667,  0,null, 7);insert into x_t_consume (TMP_ID, ID, PARENT_ORDER_ID) values (s_x_t_consume.NEXTVAL, 5532110375,  9932110375);insert into x_t_order(TMP_ID, ID, SERVICE_ID, SERVICE_ORDER_ID, CLIENT_ID) values (s_x_t_order.NEXTVAL, 9932110375,  7,  7732110375,  532110376 );insert into x_mv_oebs_receipts_2(TMP_ID, INVOICE_EID, SUM, DT, DOC_DATE, COMISS_DATE, PAYMENT_NUMBER, SOURCE_TYPE) values (s_x_mv_oebs_receipts_2.NEXTVAL, 'Б-32110375-1', 180000.1, date'2020-01-31',date'2020-01-31', null, '888532110376' ,'PAYCASH');insert into x_yt_ar_direct_domain_stats (ID,IS_GRAY,DOMAIN,IS_BLACKLIST,SERVICE_ID,COST,BILLING_EXPORT_ID,FROM_DT,TILL_DT,SERVICE_ORDER_ID) values(s_x_yt_ar_direct_domain_stats.NEXTVAL, 0, 'a32110375', 0,7,3330000000,7732110375,  date'2020-01-01',to_date('2020-01-31'||' '||'23:59:59','YYYY-MM-DD HH24:MI:SS'),7732110375);
insert into x_t_invoice (TMP_ID,ID,DT, CLIENT_ID,EXTERNAL_ID,CONTRACT_ID,TOTAL_SUM,CURRENCY,DISCOUNT_TYPE,COMMISSION_TYPE,TYPE,LOYAL_CLIENTS,NDS,NDS_PCT,PERSON_ID) values (s_x_t_invoice.NEXTVAL, 32110376, date'2020-01-01',21210000066,'Б-32110376-1',1210000066,1200000,'RUR',7,7,'y_invoice',0,1,20, 77532110377);insert into x_t_person (TMP_ID,ID) values (s_x_t_person.NEXTVAL, 77532110377);insert into x_t_act_internal(TMP_ID,ID,DT,CLIENT_ID,INVOICE_ID,HIDDEN,AMOUNT,EXTERNAL_ID,PAYMENT_TERM_DT,IS_LOYAL,TYPE) values (s_x_t_act_internal.NEXTVAL, 4321103761,date'2020-01-02',21210000066, 32110376    ,1,  1200000  ,'43211037611',null, 0,'generic');insert into x_t_act_trans(TMP_ID, ACT_ID, CONSUME_ID, AMOUNT, AMOUNT_NDS, AMOUNT_NSP, NETTING, COMMISSION_TYPE) values (s_x_t_act_trans.NEXTVAL, 4321103761,  5532110376, 1200000, 200000,  0,null, 7);insert into x_t_consume (TMP_ID, ID, PARENT_ORDER_ID) values (s_x_t_consume.NEXTVAL, 5532110376,  9932110376);insert into x_t_order(TMP_ID, ID, SERVICE_ID, SERVICE_ORDER_ID, CLIENT_ID) values (s_x_t_order.NEXTVAL, 9932110376,  7,  7732110376,  532110377 );insert into x_mv_oebs_receipts_2(TMP_ID, INVOICE_EID, SUM, DT, DOC_DATE, COMISS_DATE, PAYMENT_NUMBER, SOURCE_TYPE) values (s_x_mv_oebs_receipts_2.NEXTVAL, 'Б-32110376-1', 1200000, date'2020-01-31',date'2020-01-31', null, '888532110377' ,'PAYCASH');insert into x_yt_ar_direct_domain_stats (ID,IS_GRAY,DOMAIN,IS_BLACKLIST,SERVICE_ID,COST,BILLING_EXPORT_ID,FROM_DT,TILL_DT,SERVICE_ORDER_ID) values(s_x_yt_ar_direct_domain_stats.NEXTVAL, 1, 'a32110376', 0,7,3330000000,7732110376,  date'2020-01-01',to_date('2020-01-31'||' '||'23:59:59','YYYY-MM-DD HH24:MI:SS'),7732110376);
insert into x_t_invoice (TMP_ID,ID,DT, CLIENT_ID,EXTERNAL_ID,CONTRACT_ID,TOTAL_SUM,CURRENCY,DISCOUNT_TYPE,COMMISSION_TYPE,TYPE,LOYAL_CLIENTS,NDS,NDS_PCT,PERSON_ID) values (s_x_t_invoice.NEXTVAL, 32110377, date'2020-01-01',21210000066,'Б-32110377-1',1210000066,1200000,'RUR',7,7,'y_invoice',0,1,20, 77532110378);insert into x_t_person (TMP_ID,ID) values (s_x_t_person.NEXTVAL, 77532110378);insert into x_t_act_internal(TMP_ID,ID,DT,CLIENT_ID,INVOICE_ID,HIDDEN,AMOUNT,EXTERNAL_ID,PAYMENT_TERM_DT,IS_LOYAL,TYPE) values (s_x_t_act_internal.NEXTVAL, 4321103771,date'2020-01-05',21210000066, 32110377    ,1,  1200000  ,'43211037711',null, 0,'generic');insert into x_t_act_trans(TMP_ID, ACT_ID, CONSUME_ID, AMOUNT, AMOUNT_NDS, AMOUNT_NSP, NETTING, COMMISSION_TYPE) values (s_x_t_act_trans.NEXTVAL, 4321103771,  5532110377, 1200000, 200000,  0,null, 7);insert into x_t_consume (TMP_ID, ID, PARENT_ORDER_ID) values (s_x_t_consume.NEXTVAL, 5532110377,  9932110377);insert into x_t_order(TMP_ID, ID, SERVICE_ID, SERVICE_ORDER_ID, CLIENT_ID) values (s_x_t_order.NEXTVAL, 9932110377,  7,  7732110377,  532110378 );insert into x_mv_oebs_receipts_2(TMP_ID, INVOICE_EID, SUM, DT, DOC_DATE, COMISS_DATE, PAYMENT_NUMBER, SOURCE_TYPE) values (s_x_mv_oebs_receipts_2.NEXTVAL, 'Б-32110377-1', 1200000, date'2020-01-31',date'2020-01-31', null, '888532110378' ,'PAYCASH');insert into x_yt_ar_direct_domain_stats (ID,IS_GRAY,DOMAIN,IS_BLACKLIST,SERVICE_ID,COST,BILLING_EXPORT_ID,FROM_DT,TILL_DT,SERVICE_ORDER_ID) values(s_x_yt_ar_direct_domain_stats.NEXTVAL, 1, 'a32110377', 1,7,3330000000,7732110377,  date'2020-01-01',to_date('2020-01-31'||' '||'23:59:59','YYYY-MM-DD HH24:MI:SS'),7732110377);
insert into x_t_invoice (TMP_ID,ID,DT, CLIENT_ID,EXTERNAL_ID,CONTRACT_ID,TOTAL_SUM,CURRENCY,DISCOUNT_TYPE,COMMISSION_TYPE,TYPE,LOYAL_CLIENTS,NDS,NDS_PCT,PERSON_ID) values (s_x_t_invoice.NEXTVAL, 32110378, date'2020-01-01',21210000066,'Б-32110378-1',1210000066,36000,'RUR',37,37,'y_invoice',0,1,20, 77532110379);insert into x_t_person (TMP_ID,ID) values (s_x_t_person.NEXTVAL, 77532110379);insert into x_t_act_internal(TMP_ID,ID,DT,CLIENT_ID,INVOICE_ID,HIDDEN,AMOUNT,EXTERNAL_ID,PAYMENT_TERM_DT,IS_LOYAL,TYPE) values (s_x_t_act_internal.NEXTVAL, 4321103781,date'2020-01-04',21210000066, 32110378    ,1,  36000  ,'43211037811',null, 0,'generic');insert into x_t_act_trans(TMP_ID, ACT_ID, CONSUME_ID, AMOUNT, AMOUNT_NDS, AMOUNT_NSP, NETTING, COMMISSION_TYPE) values (s_x_t_act_trans.NEXTVAL, 4321103781,  5532110378, 36000, 6000,  0,null, 37);insert into x_t_consume (TMP_ID, ID, PARENT_ORDER_ID) values (s_x_t_consume.NEXTVAL, 5532110378,  9932110378);insert into x_t_order(TMP_ID, ID, SERVICE_ID, SERVICE_ORDER_ID, CLIENT_ID) values (s_x_t_order.NEXTVAL, 9932110378,  37,  7732110378,  532110379 );insert into x_mv_oebs_receipts_2(TMP_ID, INVOICE_EID, SUM, DT, DOC_DATE, COMISS_DATE, PAYMENT_NUMBER, SOURCE_TYPE) values (s_x_mv_oebs_receipts_2.NEXTVAL, 'Б-32110378-1', 36000, date'2020-01-31',date'2020-01-31', null, '888532110379' ,'PAYCASH');insert into x_yt_ar_direct_domain_stats (ID,IS_GRAY,DOMAIN,IS_BLACKLIST,SERVICE_ID,COST,BILLING_EXPORT_ID,FROM_DT,TILL_DT,SERVICE_ORDER_ID) values(s_x_yt_ar_direct_domain_stats.NEXTVAL, 0, 'a32110378', 0,37,3330000000,7732110378,  date'2020-01-01',to_date('2020-01-31'||' '||'23:59:59','YYYY-MM-DD HH24:MI:SS'),7732110378);
insert into x_t_contract2(TMP_ID,ID,EXTERNAL_ID,CLIENT_ID) values(s_x_t_contract2.NEXTVAL, 1210000067, '1210000067/20',21210000067);insert into x_t_contract_collateral(TMP_ID,ID,CONTRACT2_ID,DT,IS_SIGNED) values(s_x_t_contract_collateral.NEXTVAL, 12100000671, 1210000067, date'2020-01-01', date'2020-01-01');insert into x_mv_contract_signed_attr (TMP_ID,CONTRACT_ID,COLLATERAL_ID,CODE,VALUE_DT) values (s_x_mv_contract_signed_attr.NEXTVAL, 1210000067, 12100000671,'FINISH_DT' ,date'2021-01-01');insert into x_mv_contract_signed_attr_hist(TMP_ID,VALUE_NUM,UPDATE_DT,CONTRACT2_ID,CODE,CL_DT,STAMP,DT) values(s_x_mv_contract_signed_attr_hist.NEXTVAL, 1, date'2020-01-01', 1210000067,'FIRM',date'2020-01-01',888532110380,date'2020-01-01');insert into x_mv_contract_signed_attr_hist(TMP_ID,VALUE_NUM,UPDATE_DT,CONTRACT2_ID,CODE,CL_DT,STAMP,DT) values(s_x_mv_contract_signed_attr_hist.NEXTVAL, 2, date'2020-01-01', 1210000067,'WHOLESALE_AGENT_PREMIUM_AWARDS_SCALE_TYPE',date'2020-01-01',888532110380,date'2020-01-01');insert into x_mv_contract_signed_attr_hist(TMP_ID,VALUE_NUM,UPDATE_DT,CONTRACT2_ID,CODE,CL_DT,STAMP,DT) values(s_x_mv_contract_signed_attr_hist.NEXTVAL, 3, date'2020-01-01', 1210000067,'PAYMENT_TYPE',date'2020-01-01',888532110380,date'2020-01-01');insert into x_t_invoice (TMP_ID,ID,DT, CLIENT_ID,EXTERNAL_ID,CONTRACT_ID,TOTAL_SUM,CURRENCY,DISCOUNT_TYPE,COMMISSION_TYPE,TYPE,LOYAL_CLIENTS,NDS,NDS_PCT,PERSON_ID) values (s_x_t_invoice.NEXTVAL, 32110379, date'2020-01-01',21210000067,'Б-32110379-1',1210000067,1200000.1,'RUR',7,7,'y_invoice',0,1,20, 77532110380);insert into x_t_person (TMP_ID,ID) values (s_x_t_person.NEXTVAL, 77532110380);insert into x_t_act_internal(TMP_ID,ID,DT,CLIENT_ID,INVOICE_ID,HIDDEN,AMOUNT,EXTERNAL_ID,PAYMENT_TERM_DT,IS_LOYAL,TYPE) values (s_x_t_act_internal.NEXTVAL, 4321103791,date'2020-01-05',21210000067, 32110379    ,1,  1200000.1  ,'43211037911',null, 0,'generic');insert into x_t_act_trans(TMP_ID, ACT_ID, CONSUME_ID, AMOUNT, AMOUNT_NDS, AMOUNT_NSP, NETTING, COMMISSION_TYPE) values (s_x_t_act_trans.NEXTVAL, 4321103791,  5532110379, 1200000.1, 200000.016666667,  0,null, 7);insert into x_t_consume (TMP_ID, ID, PARENT_ORDER_ID) values (s_x_t_consume.NEXTVAL, 5532110379,  9932110379);insert into x_t_order(TMP_ID, ID, SERVICE_ID, SERVICE_ORDER_ID, CLIENT_ID) values (s_x_t_order.NEXTVAL, 9932110379,  7,  7732110379,  532110380 );insert into x_mv_oebs_receipts_2(TMP_ID, INVOICE_EID, SUM, DT, DOC_DATE, COMISS_DATE, PAYMENT_NUMBER, SOURCE_TYPE) values (s_x_mv_oebs_receipts_2.NEXTVAL, 'Б-32110379-1', 1200000.1, date'2020-01-31',date'2020-01-31', null, '888532110380' ,'PAYCASH');insert into x_yt_ar_direct_domain_stats (ID,IS_GRAY,DOMAIN,IS_BLACKLIST,SERVICE_ID,COST,BILLING_EXPORT_ID,FROM_DT,TILL_DT,SERVICE_ORDER_ID) values(s_x_yt_ar_direct_domain_stats.NEXTVAL, 0, 'a32110379', 0,7,3330000000,7732110379,  date'2020-01-01',to_date('2020-01-31'||' '||'23:59:59','YYYY-MM-DD HH24:MI:SS'),7732110379);
insert into x_t_person (TMP_ID,ID) values (s_x_t_person.NEXTVAL, 77532110381);insert into x_t_act_trans(TMP_ID, ACT_ID, CONSUME_ID, AMOUNT, AMOUNT_NDS, AMOUNT_NSP, NETTING, COMMISSION_TYPE) values (s_x_t_act_trans.NEXTVAL, 4321103791,  15532110379, 18000, 3000,  0,null, 7);insert into x_t_consume (TMP_ID, ID, PARENT_ORDER_ID) values (s_x_t_consume.NEXTVAL, 15532110379,  19932110379);insert into x_t_order(TMP_ID, ID, SERVICE_ID, SERVICE_ORDER_ID, CLIENT_ID) values (s_x_t_order.NEXTVAL, 19932110379,  7,  17732110379,  532110381 );insert into x_mv_oebs_receipts_2(TMP_ID, INVOICE_EID, SUM, DT, DOC_DATE, COMISS_DATE, PAYMENT_NUMBER, SOURCE_TYPE) values (s_x_mv_oebs_receipts_2.NEXTVAL, 'Б-32110379-1', 18000, date'2020-01-31',date'2020-01-31', null, '888532110381' ,'PAYCASH');insert into x_yt_ar_direct_domain_stats (ID,IS_GRAY,DOMAIN,IS_BLACKLIST,SERVICE_ID,COST,BILLING_EXPORT_ID,FROM_DT,TILL_DT,SERVICE_ORDER_ID) values(s_x_yt_ar_direct_domain_stats.NEXTVAL, 0, '1a32110379', 0,7,3330000000,17732110379,  date'2020-01-01',to_date('2020-01-31'||' '||'23:59:59','YYYY-MM-DD HH24:MI:SS'),17732110379);
insert into x_t_invoice (TMP_ID,ID,DT, CLIENT_ID,EXTERNAL_ID,CONTRACT_ID,TOTAL_SUM,CURRENCY,DISCOUNT_TYPE,COMMISSION_TYPE,TYPE,LOYAL_CLIENTS,NDS,NDS_PCT,PERSON_ID) values (s_x_t_invoice.NEXTVAL, 32110380, date'2020-01-01',21210000067,'Б-32110380-1',1210000067,180000.1,'RUR',7,7,'y_invoice',0,1,20, 77532110382);insert into x_t_person (TMP_ID,ID) values (s_x_t_person.NEXTVAL, 77532110382);insert into x_t_act_internal(TMP_ID,ID,DT,CLIENT_ID,INVOICE_ID,HIDDEN,AMOUNT,EXTERNAL_ID,PAYMENT_TERM_DT,IS_LOYAL,TYPE) values (s_x_t_act_internal.NEXTVAL, 4321103801,date'2020-01-07',21210000067, 32110380    ,1,  180000.1  ,'43211038011',null, 0,'generic');insert into x_t_act_trans(TMP_ID, ACT_ID, CONSUME_ID, AMOUNT, AMOUNT_NDS, AMOUNT_NSP, NETTING, COMMISSION_TYPE) values (s_x_t_act_trans.NEXTVAL, 4321103801,  5532110380, 180000.1, 30000.0166666667,  0,null, 7);insert into x_t_consume (TMP_ID, ID, PARENT_ORDER_ID) values (s_x_t_consume.NEXTVAL, 5532110380,  9932110380);insert into x_t_order(TMP_ID, ID, SERVICE_ID, SERVICE_ORDER_ID, CLIENT_ID) values (s_x_t_order.NEXTVAL, 9932110380,  7,  7732110380,  532110382 );insert into x_mv_oebs_receipts_2(TMP_ID, INVOICE_EID, SUM, DT, DOC_DATE, COMISS_DATE, PAYMENT_NUMBER, SOURCE_TYPE) values (s_x_mv_oebs_receipts_2.NEXTVAL, 'Б-32110380-1', 180000.1, date'2020-01-31',date'2020-01-31', null, '888532110382' ,'PAYCASH');insert into x_yt_ar_direct_domain_stats (ID,IS_GRAY,DOMAIN,IS_BLACKLIST,SERVICE_ID,COST,BILLING_EXPORT_ID,FROM_DT,TILL_DT,SERVICE_ORDER_ID) values(s_x_yt_ar_direct_domain_stats.NEXTVAL, 0, 'a32110380', 1,7,3330000000,7732110380,  date'2020-01-01',to_date('2020-01-31'||' '||'23:59:59','YYYY-MM-DD HH24:MI:SS'),7732110380);
insert into x_t_invoice (TMP_ID,ID,DT, CLIENT_ID,EXTERNAL_ID,CONTRACT_ID,TOTAL_SUM,CURRENCY,DISCOUNT_TYPE,COMMISSION_TYPE,TYPE,LOYAL_CLIENTS,NDS,NDS_PCT,PERSON_ID) values (s_x_t_invoice.NEXTVAL, 32110381, date'2020-01-01',21210000067,'Б-32110381-1',1210000067,190000,'RUR',7,7,'y_invoice',0,1,20, 77532110383);insert into x_t_person (TMP_ID,ID) values (s_x_t_person.NEXTVAL, 77532110383);insert into x_t_act_internal(TMP_ID,ID,DT,CLIENT_ID,INVOICE_ID,HIDDEN,AMOUNT,EXTERNAL_ID,PAYMENT_TERM_DT,IS_LOYAL,TYPE) values (s_x_t_act_internal.NEXTVAL, 4321103811,date'2020-01-09',21210000067, 32110381    ,1,  190000  ,'43211038111',null, 0,'generic');insert into x_t_act_trans(TMP_ID, ACT_ID, CONSUME_ID, AMOUNT, AMOUNT_NDS, AMOUNT_NSP, NETTING, COMMISSION_TYPE) values (s_x_t_act_trans.NEXTVAL, 4321103811,  5532110381, 190000, 31666.6666666667,  0,null, 7);insert into x_t_consume (TMP_ID, ID, PARENT_ORDER_ID) values (s_x_t_consume.NEXTVAL, 5532110381,  9932110381);insert into x_t_order(TMP_ID, ID, SERVICE_ID, SERVICE_ORDER_ID, CLIENT_ID) values (s_x_t_order.NEXTVAL, 9932110381,  7,  7732110381,  532110383 );insert into x_mv_oebs_receipts_2(TMP_ID, INVOICE_EID, SUM, DT, DOC_DATE, COMISS_DATE, PAYMENT_NUMBER, SOURCE_TYPE) values (s_x_mv_oebs_receipts_2.NEXTVAL, 'Б-32110381-1', 190000, date'2020-01-31',date'2020-01-31', null, '888532110383' ,'PAYCASH');insert into x_yt_ar_direct_domain_stats (ID,IS_GRAY,DOMAIN,IS_BLACKLIST,SERVICE_ID,COST,BILLING_EXPORT_ID,FROM_DT,TILL_DT,SERVICE_ORDER_ID) values(s_x_yt_ar_direct_domain_stats.NEXTVAL, 0, 'a32110381', 0,7,3330000000,7732110381,  date'2020-01-01',to_date('2020-01-31'||' '||'23:59:59','YYYY-MM-DD HH24:MI:SS'),7732110381);
insert into x_t_invoice (TMP_ID,ID,DT, CLIENT_ID,EXTERNAL_ID,CONTRACT_ID,TOTAL_SUM,CURRENCY,DISCOUNT_TYPE,COMMISSION_TYPE,TYPE,LOYAL_CLIENTS,NDS,NDS_PCT,PERSON_ID) values (s_x_t_invoice.NEXTVAL, 32110382, date'2020-01-01',21210000067,'Б-32110382-1',1210000067,200000,'RUR',7,7,'y_invoice',0,1,20, 77532110384);insert into x_t_person (TMP_ID,ID) values (s_x_t_person.NEXTVAL, 77532110384);insert into x_t_act_internal(TMP_ID,ID,DT,CLIENT_ID,INVOICE_ID,HIDDEN,AMOUNT,EXTERNAL_ID,PAYMENT_TERM_DT,IS_LOYAL,TYPE) values (s_x_t_act_internal.NEXTVAL, 4321103821,date'2020-01-09',21210000067, 32110382    ,1,  200000  ,'43211038211',null, 0,'generic');insert into x_t_act_trans(TMP_ID, ACT_ID, CONSUME_ID, AMOUNT, AMOUNT_NDS, AMOUNT_NSP, NETTING, COMMISSION_TYPE) values (s_x_t_act_trans.NEXTVAL, 4321103821,  5532110382, 200000, 33333.3333333333,  0,null, 7);insert into x_t_consume (TMP_ID, ID, PARENT_ORDER_ID) values (s_x_t_consume.NEXTVAL, 5532110382,  9932110382);insert into x_t_order(TMP_ID, ID, SERVICE_ID, SERVICE_ORDER_ID, CLIENT_ID) values (s_x_t_order.NEXTVAL, 9932110382,  7,  7732110382,  532110384 );insert into x_mv_oebs_receipts_2(TMP_ID, INVOICE_EID, SUM, DT, DOC_DATE, COMISS_DATE, PAYMENT_NUMBER, SOURCE_TYPE) values (s_x_mv_oebs_receipts_2.NEXTVAL, 'Б-32110382-1', 200000, date'2020-01-31',date'2020-01-31', null, '888532110384' ,'PAYCASH');insert into x_yt_ar_direct_domain_stats (ID,IS_GRAY,DOMAIN,IS_BLACKLIST,SERVICE_ID,COST,BILLING_EXPORT_ID,FROM_DT,TILL_DT,SERVICE_ORDER_ID) values(s_x_yt_ar_direct_domain_stats.NEXTVAL, 0, 'a32110382', 0,7,3330000000,7732110382,  date'2020-01-01',to_date('2020-01-31'||' '||'23:59:59','YYYY-MM-DD HH24:MI:SS'),7732110382);
insert into x_t_invoice (TMP_ID,ID,DT, CLIENT_ID,EXTERNAL_ID,CONTRACT_ID,TOTAL_SUM,CURRENCY,DISCOUNT_TYPE,COMMISSION_TYPE,TYPE,LOYAL_CLIENTS,NDS,NDS_PCT,PERSON_ID) values (s_x_t_invoice.NEXTVAL, 32110383, date'2020-01-01',21210000067,'Б-32110383-1',1210000067,36000,'RUR',37,37,'y_invoice',0,1,20, 77532110385);insert into x_t_person (TMP_ID,ID) values (s_x_t_person.NEXTVAL, 77532110385);insert into x_t_act_internal(TMP_ID,ID,DT,CLIENT_ID,INVOICE_ID,HIDDEN,AMOUNT,EXTERNAL_ID,PAYMENT_TERM_DT,IS_LOYAL,TYPE) values (s_x_t_act_internal.NEXTVAL, 4321103831,date'2020-01-06',21210000067, 32110383    ,1,  36000  ,'43211038311',null, 0,'generic');insert into x_t_act_trans(TMP_ID, ACT_ID, CONSUME_ID, AMOUNT, AMOUNT_NDS, AMOUNT_NSP, NETTING, COMMISSION_TYPE) values (s_x_t_act_trans.NEXTVAL, 4321103831,  5532110383, 36000, 6000,  0,null, 37);insert into x_t_consume (TMP_ID, ID, PARENT_ORDER_ID) values (s_x_t_consume.NEXTVAL, 5532110383,  9932110383);insert into x_t_order(TMP_ID, ID, SERVICE_ID, SERVICE_ORDER_ID, CLIENT_ID) values (s_x_t_order.NEXTVAL, 9932110383,  37,  7732110383,  532110385 );insert into x_mv_oebs_receipts_2(TMP_ID, INVOICE_EID, SUM, DT, DOC_DATE, COMISS_DATE, PAYMENT_NUMBER, SOURCE_TYPE) values (s_x_mv_oebs_receipts_2.NEXTVAL, 'Б-32110383-1', 36000, date'2020-01-31',date'2020-01-31', null, '888532110385' ,'PAYCASH');insert into x_yt_ar_direct_domain_stats (ID,IS_GRAY,DOMAIN,IS_BLACKLIST,SERVICE_ID,COST,BILLING_EXPORT_ID,FROM_DT,TILL_DT,SERVICE_ORDER_ID) values(s_x_yt_ar_direct_domain_stats.NEXTVAL, 0, 'a32110383', 0,37,3330000000,7732110383,  date'2020-01-01',to_date('2020-01-31'||' '||'23:59:59','YYYY-MM-DD HH24:MI:SS'),7732110383);
insert into x_t_contract2(TMP_ID,ID,EXTERNAL_ID,CLIENT_ID) values(s_x_t_contract2.NEXTVAL, 1210000068, '1210000068/20',21210000068);insert into x_t_contract_collateral(TMP_ID,ID,CONTRACT2_ID,DT,IS_SIGNED) values(s_x_t_contract_collateral.NEXTVAL, 12100000681, 1210000068, date'2020-01-01', date'2020-01-01');insert into x_mv_contract_signed_attr (TMP_ID,CONTRACT_ID,COLLATERAL_ID,CODE,VALUE_DT) values (s_x_mv_contract_signed_attr.NEXTVAL, 1210000068, 12100000681,'FINISH_DT' ,date'2021-01-01');insert into x_mv_contract_signed_attr_hist(TMP_ID,VALUE_NUM,UPDATE_DT,CONTRACT2_ID,CODE,CL_DT,STAMP,DT) values(s_x_mv_contract_signed_attr_hist.NEXTVAL, 1, date'2020-01-01', 1210000068,'FIRM',date'2020-01-01',888532110386,date'2020-01-01');insert into x_mv_contract_signed_attr_hist(TMP_ID,VALUE_NUM,UPDATE_DT,CONTRACT2_ID,CODE,CL_DT,STAMP,DT) values(s_x_mv_contract_signed_attr_hist.NEXTVAL, 2, date'2020-01-01', 1210000068,'WHOLESALE_AGENT_PREMIUM_AWARDS_SCALE_TYPE',date'2020-01-01',888532110386,date'2020-01-01');insert into x_mv_contract_signed_attr_hist(TMP_ID,VALUE_NUM,UPDATE_DT,CONTRACT2_ID,CODE,CL_DT,STAMP,DT) values(s_x_mv_contract_signed_attr_hist.NEXTVAL, 3, date'2020-01-01', 1210000068,'PAYMENT_TYPE',date'2020-01-01',888532110386,date'2020-01-01');insert into x_t_invoice (TMP_ID,ID,DT, CLIENT_ID,EXTERNAL_ID,CONTRACT_ID,TOTAL_SUM,CURRENCY,DISCOUNT_TYPE,COMMISSION_TYPE,TYPE,LOYAL_CLIENTS,NDS,NDS_PCT,PERSON_ID) values (s_x_t_invoice.NEXTVAL, 32110384, date'2020-01-01',21210000068,'Б-32110384-1',1210000068,1200000.1,'RUR',7,7,'y_invoice',0,1,20, 77532110386);insert into x_t_person (TMP_ID,ID) values (s_x_t_person.NEXTVAL, 77532110386);insert into x_t_act_internal(TMP_ID,ID,DT,CLIENT_ID,INVOICE_ID,HIDDEN,AMOUNT,EXTERNAL_ID,PAYMENT_TERM_DT,IS_LOYAL,TYPE) values (s_x_t_act_internal.NEXTVAL, 4321103841,date'2020-01-03',21210000068, 32110384    ,1,  1200000.1  ,'43211038411',null, 0,'generic');insert into x_t_act_trans(TMP_ID, ACT_ID, CONSUME_ID, AMOUNT, AMOUNT_NDS, AMOUNT_NSP, NETTING, COMMISSION_TYPE) values (s_x_t_act_trans.NEXTVAL, 4321103841,  5532110384, 1200000.1, 200000.016666667,  0,null, 7);insert into x_t_consume (TMP_ID, ID, PARENT_ORDER_ID) values (s_x_t_consume.NEXTVAL, 5532110384,  9932110384);insert into x_t_order(TMP_ID, ID, SERVICE_ID, SERVICE_ORDER_ID, CLIENT_ID) values (s_x_t_order.NEXTVAL, 9932110384,  7,  7732110384,  532110386 );insert into x_mv_oebs_receipts_2(TMP_ID, INVOICE_EID, SUM, DT, DOC_DATE, COMISS_DATE, PAYMENT_NUMBER, SOURCE_TYPE) values (s_x_mv_oebs_receipts_2.NEXTVAL, 'Б-32110384-1', 1200000.1, date'2020-01-31',date'2020-01-31', null, '888532110386' ,'PAYCASH');insert into x_yt_ar_direct_domain_stats (ID,IS_GRAY,DOMAIN,IS_BLACKLIST,SERVICE_ID,COST,BILLING_EXPORT_ID,FROM_DT,TILL_DT,SERVICE_ORDER_ID) values(s_x_yt_ar_direct_domain_stats.NEXTVAL, 0, 'a32110384', 0,7,100,7732110384,  date'2020-01-01',to_date('2020-01-31'||' '||'23:59:59','YYYY-MM-DD HH24:MI:SS'),7732110384);
insert into x_t_invoice (TMP_ID,ID,DT, CLIENT_ID,EXTERNAL_ID,CONTRACT_ID,TOTAL_SUM,CURRENCY,DISCOUNT_TYPE,COMMISSION_TYPE,TYPE,LOYAL_CLIENTS,NDS,NDS_PCT,PERSON_ID) values (s_x_t_invoice.NEXTVAL, 32110385, date'2020-01-01',21210000068,'Б-32110385-1',1210000068,180000,'RUR',7,7,'y_invoice',0,1,20, 77532110387);insert into x_t_person (TMP_ID,ID) values (s_x_t_person.NEXTVAL, 77532110387);insert into x_t_act_internal(TMP_ID,ID,DT,CLIENT_ID,INVOICE_ID,HIDDEN,AMOUNT,EXTERNAL_ID,PAYMENT_TERM_DT,IS_LOYAL,TYPE) values (s_x_t_act_internal.NEXTVAL, 4321103851,date'2020-01-08',21210000068, 32110385    ,1,  180000  ,'43211038511',null, 0,'generic');insert into x_t_act_trans(TMP_ID, ACT_ID, CONSUME_ID, AMOUNT, AMOUNT_NDS, AMOUNT_NSP, NETTING, COMMISSION_TYPE) values (s_x_t_act_trans.NEXTVAL, 4321103851,  5532110385, 180000, 30000,  0,null, 7);insert into x_t_consume (TMP_ID, ID, PARENT_ORDER_ID) values (s_x_t_consume.NEXTVAL, 5532110385,  9932110385);insert into x_t_order(TMP_ID, ID, SERVICE_ID, SERVICE_ORDER_ID, CLIENT_ID) values (s_x_t_order.NEXTVAL, 9932110385,  7,  7732110384,  532110387 );insert into x_mv_oebs_receipts_2(TMP_ID, INVOICE_EID, SUM, DT, DOC_DATE, COMISS_DATE, PAYMENT_NUMBER, SOURCE_TYPE) values (s_x_mv_oebs_receipts_2.NEXTVAL, 'Б-32110385-1', 180000, date'2020-01-31',date'2020-01-31', null, '888532110387' ,'PAYCASH');insert into x_yt_ar_direct_domain_stats (ID,IS_GRAY,DOMAIN,IS_BLACKLIST,SERVICE_ID,COST,BILLING_EXPORT_ID,FROM_DT,TILL_DT,SERVICE_ORDER_ID) values(s_x_yt_ar_direct_domain_stats.NEXTVAL, 0, 'a32110385', 0,7,200,7732110384,  date'2020-01-01',to_date('2020-01-31'||' '||'23:59:59','YYYY-MM-DD HH24:MI:SS'),7732110384);
insert into x_t_invoice (TMP_ID,ID,DT, CLIENT_ID,EXTERNAL_ID,CONTRACT_ID,TOTAL_SUM,CURRENCY,DISCOUNT_TYPE,COMMISSION_TYPE,TYPE,LOYAL_CLIENTS,NDS,NDS_PCT,PERSON_ID) values (s_x_t_invoice.NEXTVAL, 32110386, date'2020-01-01',21210000068,'Б-32110386-1',1210000068,180000.1,'RUR',7,7,'y_invoice',0,1,20, 77532110388);insert into x_t_person (TMP_ID,ID) values (s_x_t_person.NEXTVAL, 77532110388);insert into x_t_act_internal(TMP_ID,ID,DT,CLIENT_ID,INVOICE_ID,HIDDEN,AMOUNT,EXTERNAL_ID,PAYMENT_TERM_DT,IS_LOYAL,TYPE) values (s_x_t_act_internal.NEXTVAL, 4321103861,date'2020-01-06',21210000068, 32110386    ,1,  180000.1  ,'43211038611',null, 0,'generic');insert into x_t_act_trans(TMP_ID, ACT_ID, CONSUME_ID, AMOUNT, AMOUNT_NDS, AMOUNT_NSP, NETTING, COMMISSION_TYPE) values (s_x_t_act_trans.NEXTVAL, 4321103861,  5532110386, 180000.1, 30000.0166666667,  0,null, 7);insert into x_t_consume (TMP_ID, ID, PARENT_ORDER_ID) values (s_x_t_consume.NEXTVAL, 5532110386,  9932110386);insert into x_t_order(TMP_ID, ID, SERVICE_ID, SERVICE_ORDER_ID, CLIENT_ID) values (s_x_t_order.NEXTVAL, 9932110386,  7,  7732110386,  532110388 );insert into x_mv_oebs_receipts_2(TMP_ID, INVOICE_EID, SUM, DT, DOC_DATE, COMISS_DATE, PAYMENT_NUMBER, SOURCE_TYPE) values (s_x_mv_oebs_receipts_2.NEXTVAL, 'Б-32110386-1', 180000.1, date'2020-01-31',date'2020-01-31', null, '888532110388' ,'PAYCASH');insert into x_yt_ar_direct_domain_stats (ID,IS_GRAY,DOMAIN,IS_BLACKLIST,SERVICE_ID,COST,BILLING_EXPORT_ID,FROM_DT,TILL_DT,SERVICE_ORDER_ID) values(s_x_yt_ar_direct_domain_stats.NEXTVAL, 0, 'a32110386', 0,7,300,7732110386,  date'2020-01-01',to_date('2020-01-31'||' '||'23:59:59','YYYY-MM-DD HH24:MI:SS'),7732110386);
insert into x_t_invoice (TMP_ID,ID,DT, CLIENT_ID,EXTERNAL_ID,CONTRACT_ID,TOTAL_SUM,CURRENCY,DISCOUNT_TYPE,COMMISSION_TYPE,TYPE,LOYAL_CLIENTS,NDS,NDS_PCT,PERSON_ID) values (s_x_t_invoice.NEXTVAL, 32110387, date'2020-01-01',21210000068,'Б-32110387-1',1210000068,30,'RUR',7,7,'y_invoice',0,1,20, 77532110389);insert into x_t_person (TMP_ID,ID) values (s_x_t_person.NEXTVAL, 77532110389);insert into x_t_act_internal(TMP_ID,ID,DT,CLIENT_ID,INVOICE_ID,HIDDEN,AMOUNT,EXTERNAL_ID,PAYMENT_TERM_DT,IS_LOYAL,TYPE) values (s_x_t_act_internal.NEXTVAL, 4321103871,date'2020-01-09',21210000068, 32110387    ,1,  30  ,'43211038711',null, 0,'generic');insert into x_t_act_trans(TMP_ID, ACT_ID, CONSUME_ID, AMOUNT, AMOUNT_NDS, AMOUNT_NSP, NETTING, COMMISSION_TYPE) values (s_x_t_act_trans.NEXTVAL, 4321103871,  5532110387, 30, 5,  0,null, 7);insert into x_t_consume (TMP_ID, ID, PARENT_ORDER_ID) values (s_x_t_consume.NEXTVAL, 5532110387,  9932110387);insert into x_t_order(TMP_ID, ID, SERVICE_ID, SERVICE_ORDER_ID, CLIENT_ID) values (s_x_t_order.NEXTVAL, 9932110387,  7,  7732110387,  532110389 );insert into x_mv_oebs_receipts_2(TMP_ID, INVOICE_EID, SUM, DT, DOC_DATE, COMISS_DATE, PAYMENT_NUMBER, SOURCE_TYPE) values (s_x_mv_oebs_receipts_2.NEXTVAL, 'Б-32110387-1', 30, date'2020-01-31',date'2020-01-31', null, '888532110389' ,'PAYCASH');insert into x_yt_ar_direct_domain_stats (ID,IS_GRAY,DOMAIN,IS_BLACKLIST,SERVICE_ID,COST,BILLING_EXPORT_ID,FROM_DT,TILL_DT,SERVICE_ORDER_ID) values(s_x_yt_ar_direct_domain_stats.NEXTVAL, 1, 'a32110387', 0,7,400,7732110387,  date'2020-01-01',to_date('2020-01-31'||' '||'23:59:59','YYYY-MM-DD HH24:MI:SS'),7732110387);
insert into x_t_invoice (TMP_ID,ID,DT, CLIENT_ID,EXTERNAL_ID,CONTRACT_ID,TOTAL_SUM,CURRENCY,DISCOUNT_TYPE,COMMISSION_TYPE,TYPE,LOYAL_CLIENTS,NDS,NDS_PCT,PERSON_ID) values (s_x_t_invoice.NEXTVAL, 32110388, date'2020-01-01',21210000068,'Б-32110388-1',1210000068,1200000,'RUR',7,7,'y_invoice',0,1,20, 77532110390);insert into x_t_person (TMP_ID,ID) values (s_x_t_person.NEXTVAL, 77532110390);insert into x_t_act_internal(TMP_ID,ID,DT,CLIENT_ID,INVOICE_ID,HIDDEN,AMOUNT,EXTERNAL_ID,PAYMENT_TERM_DT,IS_LOYAL,TYPE) values (s_x_t_act_internal.NEXTVAL, 4321103881,date'2020-01-03',21210000068, 32110388    ,1,  1200000  ,'43211038811',null, 0,'generic');insert into x_t_act_trans(TMP_ID, ACT_ID, CONSUME_ID, AMOUNT, AMOUNT_NDS, AMOUNT_NSP, NETTING, COMMISSION_TYPE) values (s_x_t_act_trans.NEXTVAL, 4321103881,  5532110388, 1200000, 200000,  0,null, 7);insert into x_t_consume (TMP_ID, ID, PARENT_ORDER_ID) values (s_x_t_consume.NEXTVAL, 5532110388,  9932110388);insert into x_t_order(TMP_ID, ID, SERVICE_ID, SERVICE_ORDER_ID, CLIENT_ID) values (s_x_t_order.NEXTVAL, 9932110388,  7,  7732110388,  532110390 );insert into x_mv_oebs_receipts_2(TMP_ID, INVOICE_EID, SUM, DT, DOC_DATE, COMISS_DATE, PAYMENT_NUMBER, SOURCE_TYPE) values (s_x_mv_oebs_receipts_2.NEXTVAL, 'Б-32110388-1', 1200000, date'2020-01-31',date'2020-01-31', null, '888532110390' ,'PAYCASH');insert into x_yt_ar_direct_domain_stats (ID,IS_GRAY,DOMAIN,IS_BLACKLIST,SERVICE_ID,COST,BILLING_EXPORT_ID,FROM_DT,TILL_DT,SERVICE_ORDER_ID) values(s_x_yt_ar_direct_domain_stats.NEXTVAL, 1, 'a32110388', 1,7,500,7732110388,  date'2020-01-01',to_date('2020-01-31'||' '||'23:59:59','YYYY-MM-DD HH24:MI:SS'),7732110388);
insert into x_t_invoice (TMP_ID,ID,DT, CLIENT_ID,EXTERNAL_ID,CONTRACT_ID,TOTAL_SUM,CURRENCY,DISCOUNT_TYPE,COMMISSION_TYPE,TYPE,LOYAL_CLIENTS,NDS,NDS_PCT,PERSON_ID) values (s_x_t_invoice.NEXTVAL, 32110389, date'2020-01-01',21210000068,'Б-32110389-1',1210000068,36000,'RUR',37,37,'y_invoice',0,1,20, 77532110391);insert into x_t_person (TMP_ID,ID) values (s_x_t_person.NEXTVAL, 77532110391);insert into x_t_act_internal(TMP_ID,ID,DT,CLIENT_ID,INVOICE_ID,HIDDEN,AMOUNT,EXTERNAL_ID,PAYMENT_TERM_DT,IS_LOYAL,TYPE) values (s_x_t_act_internal.NEXTVAL, 4321103891,date'2020-01-08',21210000068, 32110389    ,1,  36000  ,'43211038911',null, 0,'generic');insert into x_t_act_trans(TMP_ID, ACT_ID, CONSUME_ID, AMOUNT, AMOUNT_NDS, AMOUNT_NSP, NETTING, COMMISSION_TYPE) values (s_x_t_act_trans.NEXTVAL, 4321103891,  5532110389, 36000, 6000,  0,null, 37);insert into x_t_consume (TMP_ID, ID, PARENT_ORDER_ID) values (s_x_t_consume.NEXTVAL, 5532110389,  9932110389);insert into x_t_order(TMP_ID, ID, SERVICE_ID, SERVICE_ORDER_ID, CLIENT_ID) values (s_x_t_order.NEXTVAL, 9932110389,  37,  7732110389,  532110391 );insert into x_mv_oebs_receipts_2(TMP_ID, INVOICE_EID, SUM, DT, DOC_DATE, COMISS_DATE, PAYMENT_NUMBER, SOURCE_TYPE) values (s_x_mv_oebs_receipts_2.NEXTVAL, 'Б-32110389-1', 36000, date'2020-01-31',date'2020-01-31', null, '888532110391' ,'PAYCASH');insert into x_yt_ar_direct_domain_stats (ID,IS_GRAY,DOMAIN,IS_BLACKLIST,SERVICE_ID,COST,BILLING_EXPORT_ID,FROM_DT,TILL_DT,SERVICE_ORDER_ID) values(s_x_yt_ar_direct_domain_stats.NEXTVAL, 0, 'a32110389', 0,37,600,7732110389,  date'2020-01-01',to_date('2020-01-31'||' '||'23:59:59','YYYY-MM-DD HH24:MI:SS'),7732110389);

------------------эту часть не менять  без надобности
delete from x_mv_currency_rate;
insert into x_mv_currency_rate (tmp_id, cc, rate, rate_dt) select s_x_mv_currency_rate.NEXTVAL, cr.cc, cr.rate, dates.rate_dt from ((select 'RUR' as cc, 1 as rate from dual) cr cross join (select distinct trunc(dt) as rate_dt from x_t_act_internal)dates);
insert into x_mv_currency_rate (tmp_id, cc, rate, rate_dt) select s_x_mv_currency_rate.NEXTVAL, cr.cc, cr.rate, dates.rate_dt from ((select 'USD' as cc, 30 as rate from dual) cr cross join (select distinct trunc(dt) as rate_dt from x_t_act_internal)dates);
insert into x_mv_currency_rate (tmp_id, cc, rate, rate_dt) select s_x_mv_currency_rate.NEXTVAL, cr.cc, cr.rate, dates.rate_dt from ((select 'EUR' as cc, 40 as rate from dual) cr cross join (select distinct trunc(dt) as rate_dt from x_t_act_internal)dates);
insert into x_mv_currency_rate (tmp_id, cc, rate, rate_dt) select s_x_mv_currency_rate.NEXTVAL, cr.cc, cr.rate, dates.rate_dt from ((select 'BYR' as cc, 30 as rate from dual) cr cross join (select distinct trunc(dt) as rate_dt from x_t_act_internal)dates);
insert into x_mv_currency_rate (tmp_id, cc, rate, rate_dt) select s_x_mv_currency_rate.NEXTVAL, cr.cc, cr.rate, dates.rate_dt from ((select 'KZT' as cc, 30 as rate from dual) cr cross join (select distinct trunc(dt) as rate_dt from x_t_act_internal)dates);

commit;
end;