begin
delete from x_t_contract2; delete from x_t_contract_collateral; delete from x_mv_contract_signed_attr_hist; delete from x_t_invoice;
delete from x_t_person; delete from x_t_extprops; delete from x_t_act_internal; delete from x_t_act_trans; delete from x_t_consume; 
delete from x_t_order; delete from x_mv_ui_contract_apex;  delete from x_mv_contract_signed_attr; delete from x_yt_ar_direct_domain_stats; 
delete from x_yt_fin_docs; delete from x_mv_oebs_receipts_2; delete from x_mv_currency_rate; delete from x_t_ar_invoice_reward;
delete from x_t_ar_paid_periods;
--delete from xxx_ar_invoice_reward; delete from xxxx_fin_docs;
--delete from xxxx_sales_daily;  delete from xxxx_group_order_act_div;  delete from xxxx_bk_page; delete from  xxxx_act_by_page;
delete  from t_comm_base_src where (contract_id like '1000%' or contract_id like '%00000%' or contract_id like '21310%') ;
delete  from t_comm_prof_src where (contract_id like '1000%' or contract_id like '%00000%' or contract_id like '21310%') ;
delete  from t_comm_kazakh_src where (contract_id like '1000%' or contract_id like '%00000%' or contract_id like '21310%') ;
delete  from t_comm_belarus_src where (contract_id like '1000%' or contract_id like '%00000%' or contract_id like '21310%') ;
----
insert into x_t_contract2(TMP_ID,ID,EXTERNAL_ID,CLIENT_ID) values(s_x_t_contract2.NEXTVAL, 112100000311, '112100000311/19',2112100000311);insert into x_t_contract_collateral(TMP_ID,ID,CONTRACT2_ID,DT,IS_SIGNED) values(s_x_t_contract_collateral.NEXTVAL, 1121000003111, 112100000311, date'2019-06-01', date'2019-06-01');insert into x_mv_contract_signed_attr (TMP_ID,CONTRACT_ID,COLLATERAL_ID,CODE,VALUE_DT) values (s_x_mv_contract_signed_attr.NEXTVAL, 112100000311, 1121000003111,'FINISH_DT' ,date'2020-06-01');insert into x_mv_contract_signed_attr_hist(TMP_ID,VALUE_NUM,UPDATE_DT,CONTRACT2_ID,CODE,CL_DT,STAMP,DT) values(s_x_mv_contract_signed_attr_hist.NEXTVAL, 111, date'2019-06-01', 112100000311,'FIRM',date'2019-06-01',8885312110003,date'2019-06-01');insert into x_mv_contract_signed_attr_hist(TMP_ID,VALUE_NUM,UPDATE_DT,CONTRACT2_ID,CODE,CL_DT,STAMP,DT) values(s_x_mv_contract_signed_attr_hist.NEXTVAL, 12, date'2019-06-01', 112100000311,'WHOLESALE_AGENT_PREMIUM_AWARDS_SCALE_TYPE',date'2019-06-01',8885312110003,date'2019-06-01');insert into x_mv_contract_signed_attr_hist(TMP_ID,VALUE_NUM,UPDATE_DT,CONTRACT2_ID,CODE,CL_DT,STAMP,DT) values(s_x_mv_contract_signed_attr_hist.NEXTVAL, 3, date'2019-06-01', 112100000311,'PAYMENT_TYPE',date'2019-06-01',8885312110003,date'2019-06-01');insert into x_t_invoice (TMP_ID,ID,DT, CLIENT_ID,EXTERNAL_ID,CONTRACT_ID,TOTAL_SUM,CURRENCY,DISCOUNT_TYPE,COMMISSION_TYPE,TYPE,LOYAL_CLIENTS,NDS,NDS_PCT,PERSON_ID) values (s_x_t_invoice.NEXTVAL, 312110003, date'2019-06-01',2112100000311,'Á-312110003-1',112100000311,60000.1,'RUR',11,11,'y_invoice',0,1,20, 775312110003);insert into x_t_person (TMP_ID,ID) values (s_x_t_person.NEXTVAL, 775312110003);insert into x_t_act_internal(TMP_ID,ID,DT,CLIENT_ID,INVOICE_ID,HIDDEN,AMOUNT,EXTERNAL_ID,PAYMENT_TERM_DT,IS_LOYAL,TYPE) values (s_x_t_act_internal.NEXTVAL, 43121100031,date'2019-06-02',2112100000311, 312110003    ,1,  60000.1  ,'431211000311',null, 0,'generic');insert into x_t_act_trans(TMP_ID, ACT_ID, CONSUME_ID, AMOUNT, AMOUNT_NDS, AMOUNT_NSP, NETTING, COMMISSION_TYPE) values (s_x_t_act_trans.NEXTVAL, 43121100031,  55312110003, 60000.1, 10000.0166666667,  0,null, 11);insert into x_t_consume (TMP_ID, ID, PARENT_ORDER_ID) values (s_x_t_consume.NEXTVAL, 55312110003,  99312110003);insert into x_t_order(TMP_ID, ID, SERVICE_ID, SERVICE_ORDER_ID, CLIENT_ID) values (s_x_t_order.NEXTVAL, 99312110003,  11,  77312110003,  5312110003 );insert into x_mv_oebs_receipts_2(TMP_ID, INVOICE_EID, SUM, DT, DOC_DATE, COMISS_DATE, PAYMENT_NUMBER, SOURCE_TYPE) values (s_x_mv_oebs_receipts_2.NEXTVAL, 'Á-312110003-1', 30000.05, date'2019-06-30',date'2019-06-30', null, '8885312110003' ,'PAYCASH');
insert into x_mv_oebs_receipts_2(TMP_ID, INVOICE_EID, SUM, DT, DOC_DATE, COMISS_DATE, PAYMENT_NUMBER, SOURCE_TYPE) values (s_x_mv_oebs_receipts_2.NEXTVAL, 'Á-312110003-1', 30000.05, date'2019-07-31',date'2019-07-31', null, '8885312110003' ,'PAYCASH');
insert into x_t_invoice (TMP_ID,ID,DT, CLIENT_ID,EXTERNAL_ID,CONTRACT_ID,TOTAL_SUM,CURRENCY,DISCOUNT_TYPE,COMMISSION_TYPE,TYPE,LOYAL_CLIENTS,NDS,NDS_PCT,PERSON_ID) values (s_x_t_invoice.NEXTVAL, 312110004, date'2019-06-01',2112100000311,'Á-312110004-1',112100000311,70000,'RUR',11,11,'y_invoice',0,1,20, 775312110004);insert into x_t_person (TMP_ID,ID) values (s_x_t_person.NEXTVAL, 775312110004);insert into x_t_act_internal(TMP_ID,ID,DT,CLIENT_ID,INVOICE_ID,HIDDEN,AMOUNT,EXTERNAL_ID,PAYMENT_TERM_DT,IS_LOYAL,TYPE) values (s_x_t_act_internal.NEXTVAL, 43121100041,date'2019-06-07',2112100000311, 312110004    ,1,  70000  ,'431211000411',null, 0,'generic');insert into x_t_act_trans(TMP_ID, ACT_ID, CONSUME_ID, AMOUNT, AMOUNT_NDS, AMOUNT_NSP, NETTING, COMMISSION_TYPE) values (s_x_t_act_trans.NEXTVAL, 43121100041,  55312110004, 70000, 11666.6666666667,  0,null, 11);insert into x_t_consume (TMP_ID, ID, PARENT_ORDER_ID) values (s_x_t_consume.NEXTVAL, 55312110004,  99312110004);insert into x_t_order(TMP_ID, ID, SERVICE_ID, SERVICE_ORDER_ID, CLIENT_ID) values (s_x_t_order.NEXTVAL, 99312110004,  11,  77312110004,  5312110004 );insert into x_mv_oebs_receipts_2(TMP_ID, INVOICE_EID, SUM, DT, DOC_DATE, COMISS_DATE, PAYMENT_NUMBER, SOURCE_TYPE) values (s_x_mv_oebs_receipts_2.NEXTVAL, 'Á-312110004-1', 70000, date'2019-06-30',date'2019-06-30', null, '8885312110004' ,'PAYCASH');
insert into x_t_invoice (TMP_ID,ID,DT, CLIENT_ID,EXTERNAL_ID,CONTRACT_ID,TOTAL_SUM,CURRENCY,DISCOUNT_TYPE,COMMISSION_TYPE,TYPE,LOYAL_CLIENTS,NDS,NDS_PCT,PERSON_ID) values (s_x_t_invoice.NEXTVAL, 312110005, date'2019-06-01',2112100000311,'Á-312110005-1',112100000311,80000,'RUR',11,11,'y_invoice',0,1,20, 775312110005);insert into x_t_person (TMP_ID,ID) values (s_x_t_person.NEXTVAL, 775312110005);insert into x_t_act_internal(TMP_ID,ID,DT,CLIENT_ID,INVOICE_ID,HIDDEN,AMOUNT,EXTERNAL_ID,PAYMENT_TERM_DT,IS_LOYAL,TYPE) values (s_x_t_act_internal.NEXTVAL, 43121100051,date'2019-06-01',2112100000311, 312110005    ,1,  80000  ,'431211000511',null, 0,'generic');insert into x_t_act_trans(TMP_ID, ACT_ID, CONSUME_ID, AMOUNT, AMOUNT_NDS, AMOUNT_NSP, NETTING, COMMISSION_TYPE) values (s_x_t_act_trans.NEXTVAL, 43121100051,  55312110005, 80000, 13333.3333333333,  0,null, 11);insert into x_t_consume (TMP_ID, ID, PARENT_ORDER_ID) values (s_x_t_consume.NEXTVAL, 55312110005,  99312110005);insert into x_t_order(TMP_ID, ID, SERVICE_ID, SERVICE_ORDER_ID, CLIENT_ID) values (s_x_t_order.NEXTVAL, 99312110005,  11,  77312110005,  5312110005 );insert into x_mv_oebs_receipts_2(TMP_ID, INVOICE_EID, SUM, DT, DOC_DATE, COMISS_DATE, PAYMENT_NUMBER, SOURCE_TYPE) values (s_x_mv_oebs_receipts_2.NEXTVAL, 'Á-312110005-1', 80000, date'2019-06-30',date'2019-06-30', null, '8885312110005' ,'PAYCASH');
insert into x_t_invoice (TMP_ID,ID,DT, CLIENT_ID,EXTERNAL_ID,CONTRACT_ID,TOTAL_SUM,CURRENCY,DISCOUNT_TYPE,COMMISSION_TYPE,TYPE,LOYAL_CLIENTS,NDS,NDS_PCT,PERSON_ID) values (s_x_t_invoice.NEXTVAL, 312110006, date'2019-06-01',2112100000311,'Á-312110006-1',112100000311,80000,'RUR',11,11,'y_invoice',0,1,20, 775312110006);insert into x_t_person (TMP_ID,ID) values (s_x_t_person.NEXTVAL, 775312110006);insert into x_t_act_internal(TMP_ID,ID,DT,CLIENT_ID,INVOICE_ID,HIDDEN,AMOUNT,EXTERNAL_ID,PAYMENT_TERM_DT,IS_LOYAL,TYPE) values (s_x_t_act_internal.NEXTVAL, 43121100061,date'2019-06-06',2112100000311, 312110006    ,1,  80000  ,'431211000611',null, 0,'generic');insert into x_t_act_trans(TMP_ID, ACT_ID, CONSUME_ID, AMOUNT, AMOUNT_NDS, AMOUNT_NSP, NETTING, COMMISSION_TYPE) values (s_x_t_act_trans.NEXTVAL, 43121100061,  55312110006, 80000, 13333.3333333333,  0,null, 11);insert into x_t_consume (TMP_ID, ID, PARENT_ORDER_ID) values (s_x_t_consume.NEXTVAL, 55312110006,  99312110006);insert into x_t_order(TMP_ID, ID, SERVICE_ID, SERVICE_ORDER_ID, CLIENT_ID) values (s_x_t_order.NEXTVAL, 99312110006,  11,  77312110006,  5312110006 );insert into x_mv_oebs_receipts_2(TMP_ID, INVOICE_EID, SUM, DT, DOC_DATE, COMISS_DATE, PAYMENT_NUMBER, SOURCE_TYPE) values (s_x_mv_oebs_receipts_2.NEXTVAL, 'Á-312110006-1', 80000, date'2019-06-30',date'2019-06-30', null, '8885312110006' ,'PAYCASH');
insert into x_t_invoice (TMP_ID,ID,DT, CLIENT_ID,EXTERNAL_ID,CONTRACT_ID,TOTAL_SUM,CURRENCY,DISCOUNT_TYPE,COMMISSION_TYPE,TYPE,LOYAL_CLIENTS,NDS,NDS_PCT,PERSON_ID) values (s_x_t_invoice.NEXTVAL, 312110007, date'2019-06-01',2112100000311,'Á-312110007-1',112100000311,70000,'RUR',11,11,'y_invoice',0,1,20, 775312110007);insert into x_t_person (TMP_ID,ID) values (s_x_t_person.NEXTVAL, 775312110007);insert into x_t_act_internal(TMP_ID,ID,DT,CLIENT_ID,INVOICE_ID,HIDDEN,AMOUNT,EXTERNAL_ID,PAYMENT_TERM_DT,IS_LOYAL,TYPE) values (s_x_t_act_internal.NEXTVAL, 43121100071,date'2019-06-02',2112100000311, 312110007    ,1,  70000  ,'431211000711',null, 0,'generic');insert into x_t_act_trans(TMP_ID, ACT_ID, CONSUME_ID, AMOUNT, AMOUNT_NDS, AMOUNT_NSP, NETTING, COMMISSION_TYPE) values (s_x_t_act_trans.NEXTVAL, 43121100071,  55312110007, 70000, 11666.6666666667,  0,null, 11);insert into x_t_consume (TMP_ID, ID, PARENT_ORDER_ID) values (s_x_t_consume.NEXTVAL, 55312110007,  99312110007);insert into x_t_order(TMP_ID, ID, SERVICE_ID, SERVICE_ORDER_ID, CLIENT_ID) values (s_x_t_order.NEXTVAL, 99312110007,  11,  77312110007,  5312110007 );insert into x_mv_oebs_receipts_2(TMP_ID, INVOICE_EID, SUM, DT, DOC_DATE, COMISS_DATE, PAYMENT_NUMBER, SOURCE_TYPE) values (s_x_mv_oebs_receipts_2.NEXTVAL, 'Á-312110007-1', 70000, date'2019-06-30',date'2019-06-30', null, '8885312110007' ,'PAYCASH');
insert into x_t_invoice (TMP_ID,ID,DT, CLIENT_ID,EXTERNAL_ID,CONTRACT_ID,TOTAL_SUM,CURRENCY,DISCOUNT_TYPE,COMMISSION_TYPE,TYPE,LOYAL_CLIENTS,NDS,NDS_PCT,PERSON_ID) values (s_x_t_invoice.NEXTVAL, 312110008, date'2019-06-01',2112100000311,'Á-312110008-1',112100000311,30,'RUR',11,11,'y_invoice',0,1,20, 775312110008);insert into x_t_person (TMP_ID,ID) values (s_x_t_person.NEXTVAL, 775312110008);insert into x_t_act_internal(TMP_ID,ID,DT,CLIENT_ID,INVOICE_ID,HIDDEN,AMOUNT,EXTERNAL_ID,PAYMENT_TERM_DT,IS_LOYAL,TYPE) values (s_x_t_act_internal.NEXTVAL, 43121100081,date'2019-06-08',2112100000311, 312110008    ,1,  30  ,'431211000811',null, 0,'generic');insert into x_t_act_trans(TMP_ID, ACT_ID, CONSUME_ID, AMOUNT, AMOUNT_NDS, AMOUNT_NSP, NETTING, COMMISSION_TYPE) values (s_x_t_act_trans.NEXTVAL, 43121100081,  55312110008, 30, 5,  0,null, 11);insert into x_t_consume (TMP_ID, ID, PARENT_ORDER_ID) values (s_x_t_consume.NEXTVAL, 55312110008,  99312110008);insert into x_t_order(TMP_ID, ID, SERVICE_ID, SERVICE_ORDER_ID, CLIENT_ID) values (s_x_t_order.NEXTVAL, 99312110008,  11,  77312110008,  5312110008 );insert into x_mv_oebs_receipts_2(TMP_ID, INVOICE_EID, SUM, DT, DOC_DATE, COMISS_DATE, PAYMENT_NUMBER, SOURCE_TYPE) values (s_x_mv_oebs_receipts_2.NEXTVAL, 'Á-312110008-1', 30, date'2019-06-30',date'2019-06-30', null, '8885312110008' ,'PAYCASH');
insert into x_t_contract2(TMP_ID,ID,EXTERNAL_ID,CLIENT_ID) values(s_x_t_contract2.NEXTVAL, 112100000312, '112100000312/19',2112100000312);insert into x_t_contract_collateral(TMP_ID,ID,CONTRACT2_ID,DT,IS_SIGNED) values(s_x_t_contract_collateral.NEXTVAL, 1121000003121, 112100000312, date'2019-06-01', date'2019-06-01');insert into x_mv_contract_signed_attr (TMP_ID,CONTRACT_ID,COLLATERAL_ID,CODE,VALUE_DT) values (s_x_mv_contract_signed_attr.NEXTVAL, 112100000312, 1121000003121,'FINISH_DT' ,date'2020-06-01');insert into x_mv_contract_signed_attr_hist(TMP_ID,VALUE_NUM,UPDATE_DT,CONTRACT2_ID,CODE,CL_DT,STAMP,DT) values(s_x_mv_contract_signed_attr_hist.NEXTVAL, 111, date'2019-06-01', 112100000312,'FIRM',date'2019-06-01',8885312110009,date'2019-06-01');insert into x_mv_contract_signed_attr_hist(TMP_ID,VALUE_NUM,UPDATE_DT,CONTRACT2_ID,CODE,CL_DT,STAMP,DT) values(s_x_mv_contract_signed_attr_hist.NEXTVAL, 12, date'2019-06-01', 112100000312,'WHOLESALE_AGENT_PREMIUM_AWARDS_SCALE_TYPE',date'2019-06-01',8885312110009,date'2019-06-01');insert into x_mv_contract_signed_attr_hist(TMP_ID,VALUE_NUM,UPDATE_DT,CONTRACT2_ID,CODE,CL_DT,STAMP,DT) values(s_x_mv_contract_signed_attr_hist.NEXTVAL, 3, date'2019-06-01', 112100000312,'PAYMENT_TYPE',date'2019-06-01',8885312110009,date'2019-06-01');insert into x_t_invoice (TMP_ID,ID,DT, CLIENT_ID,EXTERNAL_ID,CONTRACT_ID,TOTAL_SUM,CURRENCY,DISCOUNT_TYPE,COMMISSION_TYPE,TYPE,LOYAL_CLIENTS,NDS,NDS_PCT,PERSON_ID) values (s_x_t_invoice.NEXTVAL, 312110009, date'2019-06-01',2112100000312,'Á-312110009-1',112100000312,60000.1,'RUR',11,11,'y_invoice',0,1,20, 775312110009);insert into x_t_person (TMP_ID,ID) values (s_x_t_person.NEXTVAL, 775312110009);insert into x_t_act_internal(TMP_ID,ID,DT,CLIENT_ID,INVOICE_ID,HIDDEN,AMOUNT,EXTERNAL_ID,PAYMENT_TERM_DT,IS_LOYAL,TYPE) values (s_x_t_act_internal.NEXTVAL, 43121100091,date'2019-06-05',2112100000312, 312110009    ,1,  60000.1  ,'431211000911',null, 0,'generic');insert into x_t_act_trans(TMP_ID, ACT_ID, CONSUME_ID, AMOUNT, AMOUNT_NDS, AMOUNT_NSP, NETTING, COMMISSION_TYPE) values (s_x_t_act_trans.NEXTVAL, 43121100091,  55312110009, 60000.1, 10000.0166666667,  0,null, 11);insert into x_t_consume (TMP_ID, ID, PARENT_ORDER_ID) values (s_x_t_consume.NEXTVAL, 55312110009,  99312110009);insert into x_t_order(TMP_ID, ID, SERVICE_ID, SERVICE_ORDER_ID, CLIENT_ID) values (s_x_t_order.NEXTVAL, 99312110009,  11,  77312110009,  5312110009 );insert into x_mv_oebs_receipts_2(TMP_ID, INVOICE_EID, SUM, DT, DOC_DATE, COMISS_DATE, PAYMENT_NUMBER, SOURCE_TYPE) values (s_x_mv_oebs_receipts_2.NEXTVAL, 'Á-312110009-1', 60000.1, date'2019-06-30',date'2019-06-30', null, '8885312110009' ,'PAYCASH');
insert into x_t_invoice (TMP_ID,ID,DT, CLIENT_ID,EXTERNAL_ID,CONTRACT_ID,TOTAL_SUM,CURRENCY,DISCOUNT_TYPE,COMMISSION_TYPE,TYPE,LOYAL_CLIENTS,NDS,NDS_PCT,PERSON_ID) values (s_x_t_invoice.NEXTVAL, 312110010, date'2019-06-01',2112100000312,'Á-312110010-1',112100000312,70000,'RUR',11,11,'y_invoice',0,1,20, 775312110010);insert into x_t_person (TMP_ID,ID) values (s_x_t_person.NEXTVAL, 775312110010);insert into x_t_act_internal(TMP_ID,ID,DT,CLIENT_ID,INVOICE_ID,HIDDEN,AMOUNT,EXTERNAL_ID,PAYMENT_TERM_DT,IS_LOYAL,TYPE) values (s_x_t_act_internal.NEXTVAL, 43121100101,date'2019-06-02',2112100000312, 312110010    ,1,  70000  ,'431211001011',null, 0,'generic');insert into x_t_act_trans(TMP_ID, ACT_ID, CONSUME_ID, AMOUNT, AMOUNT_NDS, AMOUNT_NSP, NETTING, COMMISSION_TYPE) values (s_x_t_act_trans.NEXTVAL, 43121100101,  55312110010, 70000, 11666.6666666667,  0,null, 11);insert into x_t_consume (TMP_ID, ID, PARENT_ORDER_ID) values (s_x_t_consume.NEXTVAL, 55312110010,  99312110010);insert into x_t_order(TMP_ID, ID, SERVICE_ID, SERVICE_ORDER_ID, CLIENT_ID) values (s_x_t_order.NEXTVAL, 99312110010,  11,  77312110010,  5312110010 );insert into x_mv_oebs_receipts_2(TMP_ID, INVOICE_EID, SUM, DT, DOC_DATE, COMISS_DATE, PAYMENT_NUMBER, SOURCE_TYPE) values (s_x_mv_oebs_receipts_2.NEXTVAL, 'Á-312110010-1', 35000, date'2019-06-30',date'2019-06-30', null, '8885312110010' ,'PAYCASH');
insert into x_mv_oebs_receipts_2(TMP_ID, INVOICE_EID, SUM, DT, DOC_DATE, COMISS_DATE, PAYMENT_NUMBER, SOURCE_TYPE) values (s_x_mv_oebs_receipts_2.NEXTVAL, 'Á-312110010-1', 35000, date'2019-07-31',date'2019-07-31', null, '8885312110010' ,'PAYCASH');
insert into x_t_invoice (TMP_ID,ID,DT, CLIENT_ID,EXTERNAL_ID,CONTRACT_ID,TOTAL_SUM,CURRENCY,DISCOUNT_TYPE,COMMISSION_TYPE,TYPE,LOYAL_CLIENTS,NDS,NDS_PCT,PERSON_ID) values (s_x_t_invoice.NEXTVAL, 312110011, date'2019-06-01',2112100000312,'Á-312110011-1',112100000312,80000,'RUR',11,11,'y_invoice',0,1,20, 775312110011);insert into x_t_person (TMP_ID,ID) values (s_x_t_person.NEXTVAL, 775312110011);insert into x_t_act_internal(TMP_ID,ID,DT,CLIENT_ID,INVOICE_ID,HIDDEN,AMOUNT,EXTERNAL_ID,PAYMENT_TERM_DT,IS_LOYAL,TYPE) values (s_x_t_act_internal.NEXTVAL, 43121100111,date'2019-06-07',2112100000312, 312110011    ,1,  80000  ,'431211001111',null, 0,'generic');insert into x_t_act_trans(TMP_ID, ACT_ID, CONSUME_ID, AMOUNT, AMOUNT_NDS, AMOUNT_NSP, NETTING, COMMISSION_TYPE) values (s_x_t_act_trans.NEXTVAL, 43121100111,  55312110011, 80000, 13333.3333333333,  0,null, 11);insert into x_t_consume (TMP_ID, ID, PARENT_ORDER_ID) values (s_x_t_consume.NEXTVAL, 55312110011,  99312110011);insert into x_t_order(TMP_ID, ID, SERVICE_ID, SERVICE_ORDER_ID, CLIENT_ID) values (s_x_t_order.NEXTVAL, 99312110011,  11,  77312110011,  5312110011 );insert into x_mv_oebs_receipts_2(TMP_ID, INVOICE_EID, SUM, DT, DOC_DATE, COMISS_DATE, PAYMENT_NUMBER, SOURCE_TYPE) values (s_x_mv_oebs_receipts_2.NEXTVAL, 'Á-312110011-1', 80000, date'2019-06-30',date'2019-06-30', null, '8885312110011' ,'PAYCASH');
insert into x_t_invoice (TMP_ID,ID,DT, CLIENT_ID,EXTERNAL_ID,CONTRACT_ID,TOTAL_SUM,CURRENCY,DISCOUNT_TYPE,COMMISSION_TYPE,TYPE,LOYAL_CLIENTS,NDS,NDS_PCT,PERSON_ID) values (s_x_t_invoice.NEXTVAL, 312110012, date'2019-06-01',2112100000312,'Á-312110012-1',112100000312,80000,'RUR',11,11,'y_invoice',0,1,20, 775312110012);insert into x_t_person (TMP_ID,ID) values (s_x_t_person.NEXTVAL, 775312110012);insert into x_t_act_internal(TMP_ID,ID,DT,CLIENT_ID,INVOICE_ID,HIDDEN,AMOUNT,EXTERNAL_ID,PAYMENT_TERM_DT,IS_LOYAL,TYPE) values (s_x_t_act_internal.NEXTVAL, 43121100121,date'2019-06-09',2112100000312, 312110012    ,1,  80000  ,'431211001211',null, 0,'generic');insert into x_t_act_trans(TMP_ID, ACT_ID, CONSUME_ID, AMOUNT, AMOUNT_NDS, AMOUNT_NSP, NETTING, COMMISSION_TYPE) values (s_x_t_act_trans.NEXTVAL, 43121100121,  55312110012, 80000, 13333.3333333333,  0,null, 11);insert into x_t_consume (TMP_ID, ID, PARENT_ORDER_ID) values (s_x_t_consume.NEXTVAL, 55312110012,  99312110012);insert into x_t_order(TMP_ID, ID, SERVICE_ID, SERVICE_ORDER_ID, CLIENT_ID) values (s_x_t_order.NEXTVAL, 99312110012,  11,  77312110012,  5312110012 );insert into x_mv_oebs_receipts_2(TMP_ID, INVOICE_EID, SUM, DT, DOC_DATE, COMISS_DATE, PAYMENT_NUMBER, SOURCE_TYPE) values (s_x_mv_oebs_receipts_2.NEXTVAL, 'Á-312110012-1', 80000, date'2019-06-30',date'2019-06-30', null, '8885312110012' ,'PAYCASH');
insert into x_t_invoice (TMP_ID,ID,DT, CLIENT_ID,EXTERNAL_ID,CONTRACT_ID,TOTAL_SUM,CURRENCY,DISCOUNT_TYPE,COMMISSION_TYPE,TYPE,LOYAL_CLIENTS,NDS,NDS_PCT,PERSON_ID) values (s_x_t_invoice.NEXTVAL, 312110013, date'2019-06-01',2112100000312,'Á-312110013-1',112100000312,70000,'RUR',11,11,'y_invoice',0,1,20, 775312110013);insert into x_t_person (TMP_ID,ID) values (s_x_t_person.NEXTVAL, 775312110013);insert into x_t_act_internal(TMP_ID,ID,DT,CLIENT_ID,INVOICE_ID,HIDDEN,AMOUNT,EXTERNAL_ID,PAYMENT_TERM_DT,IS_LOYAL,TYPE) values (s_x_t_act_internal.NEXTVAL, 43121100131,date'2019-06-08',2112100000312, 312110013    ,1,  70000  ,'431211001311',null, 0,'generic');insert into x_t_act_trans(TMP_ID, ACT_ID, CONSUME_ID, AMOUNT, AMOUNT_NDS, AMOUNT_NSP, NETTING, COMMISSION_TYPE) values (s_x_t_act_trans.NEXTVAL, 43121100131,  55312110013, 70000, 11666.6666666667,  0,null, 11);insert into x_t_consume (TMP_ID, ID, PARENT_ORDER_ID) values (s_x_t_consume.NEXTVAL, 55312110013,  99312110013);insert into x_t_order(TMP_ID, ID, SERVICE_ID, SERVICE_ORDER_ID, CLIENT_ID) values (s_x_t_order.NEXTVAL, 99312110013,  11,  77312110013,  5312110013 );insert into x_mv_oebs_receipts_2(TMP_ID, INVOICE_EID, SUM, DT, DOC_DATE, COMISS_DATE, PAYMENT_NUMBER, SOURCE_TYPE) values (s_x_mv_oebs_receipts_2.NEXTVAL, 'Á-312110013-1', 70000, date'2019-06-30',date'2019-06-30', null, '8885312110013' ,'PAYCASH');
insert into x_t_invoice (TMP_ID,ID,DT, CLIENT_ID,EXTERNAL_ID,CONTRACT_ID,TOTAL_SUM,CURRENCY,DISCOUNT_TYPE,COMMISSION_TYPE,TYPE,LOYAL_CLIENTS,NDS,NDS_PCT,PERSON_ID) values (s_x_t_invoice.NEXTVAL, 312110014, date'2019-06-01',2112100000312,'Á-312110014-1',112100000312,30,'RUR',11,11,'y_invoice',0,1,20, 775312110014);insert into x_t_person (TMP_ID,ID) values (s_x_t_person.NEXTVAL, 775312110014);insert into x_t_act_internal(TMP_ID,ID,DT,CLIENT_ID,INVOICE_ID,HIDDEN,AMOUNT,EXTERNAL_ID,PAYMENT_TERM_DT,IS_LOYAL,TYPE) values (s_x_t_act_internal.NEXTVAL, 43121100141,date'2019-06-05',2112100000312, 312110014    ,1,  30  ,'431211001411',null, 0,'generic');insert into x_t_act_trans(TMP_ID, ACT_ID, CONSUME_ID, AMOUNT, AMOUNT_NDS, AMOUNT_NSP, NETTING, COMMISSION_TYPE) values (s_x_t_act_trans.NEXTVAL, 43121100141,  55312110014, 30, 5,  0,null, 11);insert into x_t_consume (TMP_ID, ID, PARENT_ORDER_ID) values (s_x_t_consume.NEXTVAL, 55312110014,  99312110014);insert into x_t_order(TMP_ID, ID, SERVICE_ID, SERVICE_ORDER_ID, CLIENT_ID) values (s_x_t_order.NEXTVAL, 99312110014,  11,  77312110014,  5312110014 );insert into x_mv_oebs_receipts_2(TMP_ID, INVOICE_EID, SUM, DT, DOC_DATE, COMISS_DATE, PAYMENT_NUMBER, SOURCE_TYPE) values (s_x_mv_oebs_receipts_2.NEXTVAL, 'Á-312110014-1', 30, date'2019-06-30',date'2019-06-30', null, '8885312110014' ,'PAYCASH');
insert into x_t_contract2(TMP_ID,ID,EXTERNAL_ID,CLIENT_ID) values(s_x_t_contract2.NEXTVAL, 112100000313, '112100000313/19',2112100000313);insert into x_t_contract_collateral(TMP_ID,ID,CONTRACT2_ID,DT,IS_SIGNED) values(s_x_t_contract_collateral.NEXTVAL, 1121000003131, 112100000313, date'2019-06-01', date'2019-06-01');insert into x_mv_contract_signed_attr (TMP_ID,CONTRACT_ID,COLLATERAL_ID,CODE,VALUE_DT) values (s_x_mv_contract_signed_attr.NEXTVAL, 112100000313, 1121000003131,'FINISH_DT' ,date'2020-06-01');insert into x_mv_contract_signed_attr_hist(TMP_ID,VALUE_NUM,UPDATE_DT,CONTRACT2_ID,CODE,CL_DT,STAMP,DT) values(s_x_mv_contract_signed_attr_hist.NEXTVAL, 111, date'2019-06-01', 112100000313,'FIRM',date'2019-06-01',8885312110015,date'2019-06-01');insert into x_mv_contract_signed_attr_hist(TMP_ID,VALUE_NUM,UPDATE_DT,CONTRACT2_ID,CODE,CL_DT,STAMP,DT) values(s_x_mv_contract_signed_attr_hist.NEXTVAL, 12, date'2019-06-01', 112100000313,'WHOLESALE_AGENT_PREMIUM_AWARDS_SCALE_TYPE',date'2019-06-01',8885312110015,date'2019-06-01');insert into x_mv_contract_signed_attr_hist(TMP_ID,VALUE_NUM,UPDATE_DT,CONTRACT2_ID,CODE,CL_DT,STAMP,DT) values(s_x_mv_contract_signed_attr_hist.NEXTVAL, 3, date'2019-06-01', 112100000313,'PAYMENT_TYPE',date'2019-06-01',8885312110015,date'2019-06-01');insert into x_t_invoice (TMP_ID,ID,DT, CLIENT_ID,EXTERNAL_ID,CONTRACT_ID,TOTAL_SUM,CURRENCY,DISCOUNT_TYPE,COMMISSION_TYPE,TYPE,LOYAL_CLIENTS,NDS,NDS_PCT,PERSON_ID) values (s_x_t_invoice.NEXTVAL, 312110015, date'2019-06-01',2112100000313,'Á-312110015-1',112100000313,60000.1,'RUR',11,11,'y_invoice',0,1,20, 775312110015);insert into x_t_person (TMP_ID,ID) values (s_x_t_person.NEXTVAL, 775312110015);insert into x_t_act_internal(TMP_ID,ID,DT,CLIENT_ID,INVOICE_ID,HIDDEN,AMOUNT,EXTERNAL_ID,PAYMENT_TERM_DT,IS_LOYAL,TYPE) values (s_x_t_act_internal.NEXTVAL, 43121100151,date'2019-06-05',2112100000313, 312110015    ,1,  60000.1  ,'431211001511',null, 0,'generic');insert into x_t_act_trans(TMP_ID, ACT_ID, CONSUME_ID, AMOUNT, AMOUNT_NDS, AMOUNT_NSP, NETTING, COMMISSION_TYPE) values (s_x_t_act_trans.NEXTVAL, 43121100151,  55312110015, 60000.1, 10000.0166666667,  0,null, 11);insert into x_t_consume (TMP_ID, ID, PARENT_ORDER_ID) values (s_x_t_consume.NEXTVAL, 55312110015,  99312110015);insert into x_t_order(TMP_ID, ID, SERVICE_ID, SERVICE_ORDER_ID, CLIENT_ID) values (s_x_t_order.NEXTVAL, 99312110015,  11,  77312110015,  5312110015 );insert into x_mv_oebs_receipts_2(TMP_ID, INVOICE_EID, SUM, DT, DOC_DATE, COMISS_DATE, PAYMENT_NUMBER, SOURCE_TYPE) values (s_x_mv_oebs_receipts_2.NEXTVAL, 'Á-312110015-1', 60000.1, date'2019-06-30',date'2019-06-30', null, '8885312110015' ,'PAYCASH');
insert into x_t_invoice (TMP_ID,ID,DT, CLIENT_ID,EXTERNAL_ID,CONTRACT_ID,TOTAL_SUM,CURRENCY,DISCOUNT_TYPE,COMMISSION_TYPE,TYPE,LOYAL_CLIENTS,NDS,NDS_PCT,PERSON_ID) values (s_x_t_invoice.NEXTVAL, 312110016, date'2019-06-01',2112100000313,'Á-312110016-1',112100000313,70000,'RUR',11,11,'y_invoice',0,1,20, 775312110016);insert into x_t_person (TMP_ID,ID) values (s_x_t_person.NEXTVAL, 775312110016);insert into x_t_act_internal(TMP_ID,ID,DT,CLIENT_ID,INVOICE_ID,HIDDEN,AMOUNT,EXTERNAL_ID,PAYMENT_TERM_DT,IS_LOYAL,TYPE) values (s_x_t_act_internal.NEXTVAL, 43121100161,date'2019-06-01',2112100000313, 312110016    ,1,  70000  ,'431211001611',null, 0,'generic');insert into x_t_act_trans(TMP_ID, ACT_ID, CONSUME_ID, AMOUNT, AMOUNT_NDS, AMOUNT_NSP, NETTING, COMMISSION_TYPE) values (s_x_t_act_trans.NEXTVAL, 43121100161,  55312110016, 70000, 11666.6666666667,  0,null, 11);insert into x_t_consume (TMP_ID, ID, PARENT_ORDER_ID) values (s_x_t_consume.NEXTVAL, 55312110016,  99312110016);insert into x_t_order(TMP_ID, ID, SERVICE_ID, SERVICE_ORDER_ID, CLIENT_ID) values (s_x_t_order.NEXTVAL, 99312110016,  11,  77312110016,  5312110016 );insert into x_mv_oebs_receipts_2(TMP_ID, INVOICE_EID, SUM, DT, DOC_DATE, COMISS_DATE, PAYMENT_NUMBER, SOURCE_TYPE) values (s_x_mv_oebs_receipts_2.NEXTVAL, 'Á-312110016-1', 70000, date'2019-06-30',date'2019-06-30', null, '8885312110016' ,'PAYCASH');
insert into x_t_invoice (TMP_ID,ID,DT, CLIENT_ID,EXTERNAL_ID,CONTRACT_ID,TOTAL_SUM,CURRENCY,DISCOUNT_TYPE,COMMISSION_TYPE,TYPE,LOYAL_CLIENTS,NDS,NDS_PCT,PERSON_ID) values (s_x_t_invoice.NEXTVAL, 312110017, date'2019-06-01',2112100000313,'Á-312110017-1',112100000313,80000,'RUR',11,11,'y_invoice',0,1,20, 775312110017);insert into x_t_person (TMP_ID,ID) values (s_x_t_person.NEXTVAL, 775312110017);insert into x_t_act_internal(TMP_ID,ID,DT,CLIENT_ID,INVOICE_ID,HIDDEN,AMOUNT,EXTERNAL_ID,PAYMENT_TERM_DT,IS_LOYAL,TYPE) values (s_x_t_act_internal.NEXTVAL, 43121100171,date'2019-06-07',2112100000313, 312110017    ,1,  80000  ,'431211001711',null, 0,'generic');insert into x_t_act_trans(TMP_ID, ACT_ID, CONSUME_ID, AMOUNT, AMOUNT_NDS, AMOUNT_NSP, NETTING, COMMISSION_TYPE) values (s_x_t_act_trans.NEXTVAL, 43121100171,  55312110017, 80000, 13333.3333333333,  0,null, 11);insert into x_t_consume (TMP_ID, ID, PARENT_ORDER_ID) values (s_x_t_consume.NEXTVAL, 55312110017,  99312110017);insert into x_t_order(TMP_ID, ID, SERVICE_ID, SERVICE_ORDER_ID, CLIENT_ID) values (s_x_t_order.NEXTVAL, 99312110017,  11,  77312110017,  5312110017 );insert into x_mv_oebs_receipts_2(TMP_ID, INVOICE_EID, SUM, DT, DOC_DATE, COMISS_DATE, PAYMENT_NUMBER, SOURCE_TYPE) values (s_x_mv_oebs_receipts_2.NEXTVAL, 'Á-312110017-1', 80000, date'2019-06-30',date'2019-06-30', null, '8885312110017' ,'PAYCASH');
insert into x_t_invoice (TMP_ID,ID,DT, CLIENT_ID,EXTERNAL_ID,CONTRACT_ID,TOTAL_SUM,CURRENCY,DISCOUNT_TYPE,COMMISSION_TYPE,TYPE,LOYAL_CLIENTS,NDS,NDS_PCT,PERSON_ID) values (s_x_t_invoice.NEXTVAL, 312110018, date'2019-06-01',2112100000313,'Á-312110018-1',112100000313,80000,'RUR',11,11,'y_invoice',0,1,20, 775312110018);insert into x_t_person (TMP_ID,ID) values (s_x_t_person.NEXTVAL, 775312110018);insert into x_t_act_internal(TMP_ID,ID,DT,CLIENT_ID,INVOICE_ID,HIDDEN,AMOUNT,EXTERNAL_ID,PAYMENT_TERM_DT,IS_LOYAL,TYPE) values (s_x_t_act_internal.NEXTVAL, 43121100181,date'2019-06-03',2112100000313, 312110018    ,1,  80000  ,'431211001811',null, 0,'generic');insert into x_t_act_trans(TMP_ID, ACT_ID, CONSUME_ID, AMOUNT, AMOUNT_NDS, AMOUNT_NSP, NETTING, COMMISSION_TYPE) values (s_x_t_act_trans.NEXTVAL, 43121100181,  55312110018, 80000, 13333.3333333333,  0,null, 11);insert into x_t_consume (TMP_ID, ID, PARENT_ORDER_ID) values (s_x_t_consume.NEXTVAL, 55312110018,  99312110018);insert into x_t_order(TMP_ID, ID, SERVICE_ID, SERVICE_ORDER_ID, CLIENT_ID) values (s_x_t_order.NEXTVAL, 99312110018,  11,  77312110018,  5312110018 );insert into x_mv_oebs_receipts_2(TMP_ID, INVOICE_EID, SUM, DT, DOC_DATE, COMISS_DATE, PAYMENT_NUMBER, SOURCE_TYPE) values (s_x_mv_oebs_receipts_2.NEXTVAL, 'Á-312110018-1', 40000, date'2019-06-30',date'2019-06-30', null, '8885312110018' ,'PAYCASH');
insert into x_mv_oebs_receipts_2(TMP_ID, INVOICE_EID, SUM, DT, DOC_DATE, COMISS_DATE, PAYMENT_NUMBER, SOURCE_TYPE) values (s_x_mv_oebs_receipts_2.NEXTVAL, 'Á-312110018-1', 40000, date'2019-07-31',date'2019-07-31', null, '8885312110018' ,'PAYCASH');
insert into x_t_invoice (TMP_ID,ID,DT, CLIENT_ID,EXTERNAL_ID,CONTRACT_ID,TOTAL_SUM,CURRENCY,DISCOUNT_TYPE,COMMISSION_TYPE,TYPE,LOYAL_CLIENTS,NDS,NDS_PCT,PERSON_ID) values (s_x_t_invoice.NEXTVAL, 312110019, date'2019-06-01',2112100000313,'Á-312110019-1',112100000313,70000,'RUR',11,11,'y_invoice',0,1,20, 775312110019);insert into x_t_person (TMP_ID,ID) values (s_x_t_person.NEXTVAL, 775312110019);insert into x_t_act_internal(TMP_ID,ID,DT,CLIENT_ID,INVOICE_ID,HIDDEN,AMOUNT,EXTERNAL_ID,PAYMENT_TERM_DT,IS_LOYAL,TYPE) values (s_x_t_act_internal.NEXTVAL, 43121100191,date'2019-06-06',2112100000313, 312110019    ,1,  70000  ,'431211001911',null, 0,'generic');insert into x_t_act_trans(TMP_ID, ACT_ID, CONSUME_ID, AMOUNT, AMOUNT_NDS, AMOUNT_NSP, NETTING, COMMISSION_TYPE) values (s_x_t_act_trans.NEXTVAL, 43121100191,  55312110019, 70000, 11666.6666666667,  0,null, 11);insert into x_t_consume (TMP_ID, ID, PARENT_ORDER_ID) values (s_x_t_consume.NEXTVAL, 55312110019,  99312110019);insert into x_t_order(TMP_ID, ID, SERVICE_ID, SERVICE_ORDER_ID, CLIENT_ID) values (s_x_t_order.NEXTVAL, 99312110019,  11,  77312110019,  5312110019 );insert into x_mv_oebs_receipts_2(TMP_ID, INVOICE_EID, SUM, DT, DOC_DATE, COMISS_DATE, PAYMENT_NUMBER, SOURCE_TYPE) values (s_x_mv_oebs_receipts_2.NEXTVAL, 'Á-312110019-1', 70000, date'2019-06-30',date'2019-06-30', null, '8885312110019' ,'PAYCASH');
insert into x_t_invoice (TMP_ID,ID,DT, CLIENT_ID,EXTERNAL_ID,CONTRACT_ID,TOTAL_SUM,CURRENCY,DISCOUNT_TYPE,COMMISSION_TYPE,TYPE,LOYAL_CLIENTS,NDS,NDS_PCT,PERSON_ID) values (s_x_t_invoice.NEXTVAL, 312110020, date'2019-06-01',2112100000313,'Á-312110020-1',112100000313,30,'RUR',11,11,'y_invoice',0,1,20, 775312110020);insert into x_t_person (TMP_ID,ID) values (s_x_t_person.NEXTVAL, 775312110020);insert into x_t_act_internal(TMP_ID,ID,DT,CLIENT_ID,INVOICE_ID,HIDDEN,AMOUNT,EXTERNAL_ID,PAYMENT_TERM_DT,IS_LOYAL,TYPE) values (s_x_t_act_internal.NEXTVAL, 43121100201,date'2019-06-09',2112100000313, 312110020    ,1,  30  ,'431211002011',null, 0,'generic');insert into x_t_act_trans(TMP_ID, ACT_ID, CONSUME_ID, AMOUNT, AMOUNT_NDS, AMOUNT_NSP, NETTING, COMMISSION_TYPE) values (s_x_t_act_trans.NEXTVAL, 43121100201,  55312110020, 30, 5,  0,null, 11);insert into x_t_consume (TMP_ID, ID, PARENT_ORDER_ID) values (s_x_t_consume.NEXTVAL, 55312110020,  99312110020);insert into x_t_order(TMP_ID, ID, SERVICE_ID, SERVICE_ORDER_ID, CLIENT_ID) values (s_x_t_order.NEXTVAL, 99312110020,  11,  77312110020,  5312110020 );insert into x_mv_oebs_receipts_2(TMP_ID, INVOICE_EID, SUM, DT, DOC_DATE, COMISS_DATE, PAYMENT_NUMBER, SOURCE_TYPE) values (s_x_mv_oebs_receipts_2.NEXTVAL, 'Á-312110020-1', 30, date'2019-06-30',date'2019-06-30', null, '8885312110020' ,'PAYCASH');
insert into x_t_contract2(TMP_ID,ID,EXTERNAL_ID,CLIENT_ID) values(s_x_t_contract2.NEXTVAL, 112100000314, '112100000314/19',2112100000314);insert into x_t_contract_collateral(TMP_ID,ID,CONTRACT2_ID,DT,IS_SIGNED) values(s_x_t_contract_collateral.NEXTVAL, 1121000003141, 112100000314, date'2019-06-01', date'2019-06-01');insert into x_mv_contract_signed_attr (TMP_ID,CONTRACT_ID,COLLATERAL_ID,CODE,VALUE_DT) values (s_x_mv_contract_signed_attr.NEXTVAL, 112100000314, 1121000003141,'FINISH_DT' ,date'2020-06-01');insert into x_mv_contract_signed_attr_hist(TMP_ID,VALUE_NUM,UPDATE_DT,CONTRACT2_ID,CODE,CL_DT,STAMP,DT) values(s_x_mv_contract_signed_attr_hist.NEXTVAL, 111, date'2019-06-01', 112100000314,'FIRM',date'2019-06-01',8885312110021,date'2019-06-01');insert into x_mv_contract_signed_attr_hist(TMP_ID,VALUE_NUM,UPDATE_DT,CONTRACT2_ID,CODE,CL_DT,STAMP,DT) values(s_x_mv_contract_signed_attr_hist.NEXTVAL, 12, date'2019-06-01', 112100000314,'WHOLESALE_AGENT_PREMIUM_AWARDS_SCALE_TYPE',date'2019-06-01',8885312110021,date'2019-06-01');insert into x_mv_contract_signed_attr_hist(TMP_ID,VALUE_NUM,UPDATE_DT,CONTRACT2_ID,CODE,CL_DT,STAMP,DT) values(s_x_mv_contract_signed_attr_hist.NEXTVAL, 3, date'2019-06-01', 112100000314,'PAYMENT_TYPE',date'2019-06-01',8885312110021,date'2019-06-01');insert into x_t_invoice (TMP_ID,ID,DT, CLIENT_ID,EXTERNAL_ID,CONTRACT_ID,TOTAL_SUM,CURRENCY,DISCOUNT_TYPE,COMMISSION_TYPE,TYPE,LOYAL_CLIENTS,NDS,NDS_PCT,PERSON_ID) values (s_x_t_invoice.NEXTVAL, 312110021, date'2019-06-01',2112100000314,'Á-312110021-1',112100000314,60000.1,'RUR',11,11,'y_invoice',0,1,20, 775312110021);insert into x_t_person (TMP_ID,ID) values (s_x_t_person.NEXTVAL, 775312110021);insert into x_t_act_internal(TMP_ID,ID,DT,CLIENT_ID,INVOICE_ID,HIDDEN,AMOUNT,EXTERNAL_ID,PAYMENT_TERM_DT,IS_LOYAL,TYPE) values (s_x_t_act_internal.NEXTVAL, 43121100211,date'2019-06-03',2112100000314, 312110021    ,1,  60000.1  ,'431211002111',null, 0,'generic');insert into x_t_act_trans(TMP_ID, ACT_ID, CONSUME_ID, AMOUNT, AMOUNT_NDS, AMOUNT_NSP, NETTING, COMMISSION_TYPE) values (s_x_t_act_trans.NEXTVAL, 43121100211,  55312110021, 60000.1, 10000.0166666667,  0,null, 11);insert into x_t_consume (TMP_ID, ID, PARENT_ORDER_ID) values (s_x_t_consume.NEXTVAL, 55312110021,  99312110021);insert into x_t_order(TMP_ID, ID, SERVICE_ID, SERVICE_ORDER_ID, CLIENT_ID) values (s_x_t_order.NEXTVAL, 99312110021,  11,  77312110021,  5312110021 );insert into x_mv_oebs_receipts_2(TMP_ID, INVOICE_EID, SUM, DT, DOC_DATE, COMISS_DATE, PAYMENT_NUMBER, SOURCE_TYPE) values (s_x_mv_oebs_receipts_2.NEXTVAL, 'Á-312110021-1', 60000.1, date'2019-06-30',date'2019-06-30', null, '8885312110021' ,'PAYCASH');
insert into x_t_invoice (TMP_ID,ID,DT, CLIENT_ID,EXTERNAL_ID,CONTRACT_ID,TOTAL_SUM,CURRENCY,DISCOUNT_TYPE,COMMISSION_TYPE,TYPE,LOYAL_CLIENTS,NDS,NDS_PCT,PERSON_ID) values (s_x_t_invoice.NEXTVAL, 312110022, date'2019-06-01',2112100000314,'Á-312110022-1',112100000314,70000,'RUR',11,11,'y_invoice',0,1,20, 775312110022);insert into x_t_person (TMP_ID,ID) values (s_x_t_person.NEXTVAL, 775312110022);insert into x_t_act_internal(TMP_ID,ID,DT,CLIENT_ID,INVOICE_ID,HIDDEN,AMOUNT,EXTERNAL_ID,PAYMENT_TERM_DT,IS_LOYAL,TYPE) values (s_x_t_act_internal.NEXTVAL, 43121100221,date'2019-06-01',2112100000314, 312110022    ,1,  70000  ,'431211002211',null, 0,'generic');insert into x_t_act_trans(TMP_ID, ACT_ID, CONSUME_ID, AMOUNT, AMOUNT_NDS, AMOUNT_NSP, NETTING, COMMISSION_TYPE) values (s_x_t_act_trans.NEXTVAL, 43121100221,  55312110022, 70000, 11666.6666666667,  0,null, 11);insert into x_t_consume (TMP_ID, ID, PARENT_ORDER_ID) values (s_x_t_consume.NEXTVAL, 55312110022,  99312110022);insert into x_t_order(TMP_ID, ID, SERVICE_ID, SERVICE_ORDER_ID, CLIENT_ID) values (s_x_t_order.NEXTVAL, 99312110022,  11,  77312110022,  5312110022 );insert into x_mv_oebs_receipts_2(TMP_ID, INVOICE_EID, SUM, DT, DOC_DATE, COMISS_DATE, PAYMENT_NUMBER, SOURCE_TYPE) values (s_x_mv_oebs_receipts_2.NEXTVAL, 'Á-312110022-1', 70000, date'2019-06-30',date'2019-06-30', null, '8885312110022' ,'PAYCASH');
insert into x_t_invoice (TMP_ID,ID,DT, CLIENT_ID,EXTERNAL_ID,CONTRACT_ID,TOTAL_SUM,CURRENCY,DISCOUNT_TYPE,COMMISSION_TYPE,TYPE,LOYAL_CLIENTS,NDS,NDS_PCT,PERSON_ID) values (s_x_t_invoice.NEXTVAL, 312110023, date'2019-06-01',2112100000314,'Á-312110023-1',112100000314,80000,'RUR',11,11,'y_invoice',0,1,20, 775312110023);insert into x_t_person (TMP_ID,ID) values (s_x_t_person.NEXTVAL, 775312110023);insert into x_t_act_internal(TMP_ID,ID,DT,CLIENT_ID,INVOICE_ID,HIDDEN,AMOUNT,EXTERNAL_ID,PAYMENT_TERM_DT,IS_LOYAL,TYPE) values (s_x_t_act_internal.NEXTVAL, 43121100231,date'2019-06-06',2112100000314, 312110023    ,1,  80000  ,'431211002311',null, 0,'generic');insert into x_t_act_trans(TMP_ID, ACT_ID, CONSUME_ID, AMOUNT, AMOUNT_NDS, AMOUNT_NSP, NETTING, COMMISSION_TYPE) values (s_x_t_act_trans.NEXTVAL, 43121100231,  55312110023, 80000, 13333.3333333333,  0,null, 11);insert into x_t_consume (TMP_ID, ID, PARENT_ORDER_ID) values (s_x_t_consume.NEXTVAL, 55312110023,  99312110023);insert into x_t_order(TMP_ID, ID, SERVICE_ID, SERVICE_ORDER_ID, CLIENT_ID) values (s_x_t_order.NEXTVAL, 99312110023,  11,  77312110023,  5312110023 );insert into x_mv_oebs_receipts_2(TMP_ID, INVOICE_EID, SUM, DT, DOC_DATE, COMISS_DATE, PAYMENT_NUMBER, SOURCE_TYPE) values (s_x_mv_oebs_receipts_2.NEXTVAL, 'Á-312110023-1', 80000, date'2019-06-30',date'2019-06-30', null, '8885312110023' ,'PAYCASH');
insert into x_t_invoice (TMP_ID,ID,DT, CLIENT_ID,EXTERNAL_ID,CONTRACT_ID,TOTAL_SUM,CURRENCY,DISCOUNT_TYPE,COMMISSION_TYPE,TYPE,LOYAL_CLIENTS,NDS,NDS_PCT,PERSON_ID) values (s_x_t_invoice.NEXTVAL, 312110024, date'2019-06-01',2112100000314,'Á-312110024-1',112100000314,80000,'RUR',11,11,'y_invoice',0,1,20, 775312110024);insert into x_t_person (TMP_ID,ID) values (s_x_t_person.NEXTVAL, 775312110024);insert into x_t_act_internal(TMP_ID,ID,DT,CLIENT_ID,INVOICE_ID,HIDDEN,AMOUNT,EXTERNAL_ID,PAYMENT_TERM_DT,IS_LOYAL,TYPE) values (s_x_t_act_internal.NEXTVAL, 43121100241,date'2019-06-04',2112100000314, 312110024    ,1,  80000  ,'431211002411',null, 0,'generic');insert into x_t_act_trans(TMP_ID, ACT_ID, CONSUME_ID, AMOUNT, AMOUNT_NDS, AMOUNT_NSP, NETTING, COMMISSION_TYPE) values (s_x_t_act_trans.NEXTVAL, 43121100241,  55312110024, 80000, 13333.3333333333,  0,null, 11);insert into x_t_consume (TMP_ID, ID, PARENT_ORDER_ID) values (s_x_t_consume.NEXTVAL, 55312110024,  99312110024);insert into x_t_order(TMP_ID, ID, SERVICE_ID, SERVICE_ORDER_ID, CLIENT_ID) values (s_x_t_order.NEXTVAL, 99312110024,  11,  77312110024,  5312110024 );insert into x_mv_oebs_receipts_2(TMP_ID, INVOICE_EID, SUM, DT, DOC_DATE, COMISS_DATE, PAYMENT_NUMBER, SOURCE_TYPE) values (s_x_mv_oebs_receipts_2.NEXTVAL, 'Á-312110024-1', 80000, date'2019-06-30',date'2019-06-30', null, '8885312110024' ,'PAYCASH');
insert into x_t_invoice (TMP_ID,ID,DT, CLIENT_ID,EXTERNAL_ID,CONTRACT_ID,TOTAL_SUM,CURRENCY,DISCOUNT_TYPE,COMMISSION_TYPE,TYPE,LOYAL_CLIENTS,NDS,NDS_PCT,PERSON_ID) values (s_x_t_invoice.NEXTVAL, 312110025, date'2019-06-01',2112100000314,'Á-312110025-1',112100000314,70000,'RUR',11,11,'y_invoice',0,1,20, 775312110025);insert into x_t_person (TMP_ID,ID) values (s_x_t_person.NEXTVAL, 775312110025);insert into x_t_act_internal(TMP_ID,ID,DT,CLIENT_ID,INVOICE_ID,HIDDEN,AMOUNT,EXTERNAL_ID,PAYMENT_TERM_DT,IS_LOYAL,TYPE) values (s_x_t_act_internal.NEXTVAL, 43121100251,date'2019-06-09',2112100000314, 312110025    ,1,  70000  ,'431211002511',null, 0,'generic');insert into x_t_act_trans(TMP_ID, ACT_ID, CONSUME_ID, AMOUNT, AMOUNT_NDS, AMOUNT_NSP, NETTING, COMMISSION_TYPE) values (s_x_t_act_trans.NEXTVAL, 43121100251,  55312110025, 70000, 11666.6666666667,  0,null, 11);insert into x_t_consume (TMP_ID, ID, PARENT_ORDER_ID) values (s_x_t_consume.NEXTVAL, 55312110025,  99312110025);insert into x_t_order(TMP_ID, ID, SERVICE_ID, SERVICE_ORDER_ID, CLIENT_ID) values (s_x_t_order.NEXTVAL, 99312110025,  11,  77312110025,  5312110025 );insert into x_mv_oebs_receipts_2(TMP_ID, INVOICE_EID, SUM, DT, DOC_DATE, COMISS_DATE, PAYMENT_NUMBER, SOURCE_TYPE) values (s_x_mv_oebs_receipts_2.NEXTVAL, 'Á-312110025-1', 70000, date'2019-06-30',date'2019-06-30', null, '8885312110025' ,'PAYCASH');
insert into x_t_invoice (TMP_ID,ID,DT, CLIENT_ID,EXTERNAL_ID,CONTRACT_ID,TOTAL_SUM,CURRENCY,DISCOUNT_TYPE,COMMISSION_TYPE,TYPE,LOYAL_CLIENTS,NDS,NDS_PCT,PERSON_ID) values (s_x_t_invoice.NEXTVAL, 312110026, date'2019-06-01',2112100000314,'Á-312110026-1',112100000314,30,'RUR',11,11,'y_invoice',0,1,20, 775312110026);insert into x_t_person (TMP_ID,ID) values (s_x_t_person.NEXTVAL, 775312110026);insert into x_t_act_internal(TMP_ID,ID,DT,CLIENT_ID,INVOICE_ID,HIDDEN,AMOUNT,EXTERNAL_ID,PAYMENT_TERM_DT,IS_LOYAL,TYPE) values (s_x_t_act_internal.NEXTVAL, 43121100261,date'2019-06-04',2112100000314, 312110026    ,1,  30  ,'431211002611',null, 0,'generic');insert into x_t_act_trans(TMP_ID, ACT_ID, CONSUME_ID, AMOUNT, AMOUNT_NDS, AMOUNT_NSP, NETTING, COMMISSION_TYPE) values (s_x_t_act_trans.NEXTVAL, 43121100261,  55312110026, 30, 5,  0,null, 11);insert into x_t_consume (TMP_ID, ID, PARENT_ORDER_ID) values (s_x_t_consume.NEXTVAL, 55312110026,  99312110026);insert into x_t_order(TMP_ID, ID, SERVICE_ID, SERVICE_ORDER_ID, CLIENT_ID) values (s_x_t_order.NEXTVAL, 99312110026,  11,  77312110026,  5312110026 );insert into x_mv_oebs_receipts_2(TMP_ID, INVOICE_EID, SUM, DT, DOC_DATE, COMISS_DATE, PAYMENT_NUMBER, SOURCE_TYPE) values (s_x_mv_oebs_receipts_2.NEXTVAL, 'Á-312110026-1', 15, date'2019-06-30',date'2019-06-30', null, '8885312110026' ,'PAYCASH');
insert into x_mv_oebs_receipts_2(TMP_ID, INVOICE_EID, SUM, DT, DOC_DATE, COMISS_DATE, PAYMENT_NUMBER, SOURCE_TYPE) values (s_x_mv_oebs_receipts_2.NEXTVAL, 'Á-312110026-1', 15, date'2019-07-31',date'2019-07-31', null, '8885312110026' ,'PAYCASH');
insert into x_t_contract2(TMP_ID,ID,EXTERNAL_ID,CLIENT_ID) values(s_x_t_contract2.NEXTVAL, 112100000333, '112100000333/19',2112100000333);insert into x_t_contract_collateral(TMP_ID,ID,CONTRACT2_ID,DT,IS_SIGNED) values(s_x_t_contract_collateral.NEXTVAL, 1121000003331, 112100000333, date'2019-06-01', date'2019-06-01');insert into x_mv_contract_signed_attr (TMP_ID,CONTRACT_ID,COLLATERAL_ID,CODE,VALUE_DT) values (s_x_mv_contract_signed_attr.NEXTVAL, 112100000333, 1121000003331,'FINISH_DT' ,date'2020-06-01');insert into x_mv_contract_signed_attr_hist(TMP_ID,VALUE_NUM,UPDATE_DT,CONTRACT2_ID,CODE,CL_DT,STAMP,DT) values(s_x_mv_contract_signed_attr_hist.NEXTVAL, 111, date'2019-06-01', 112100000333,'FIRM',date'2019-06-01',8885312110080,date'2019-06-01');insert into x_mv_contract_signed_attr_hist(TMP_ID,VALUE_NUM,UPDATE_DT,CONTRACT2_ID,CODE,CL_DT,STAMP,DT) values(s_x_mv_contract_signed_attr_hist.NEXTVAL, 12, date'2019-06-01', 112100000333,'WHOLESALE_AGENT_PREMIUM_AWARDS_SCALE_TYPE',date'2019-06-01',8885312110080,date'2019-06-01');insert into x_mv_contract_signed_attr_hist(TMP_ID,VALUE_NUM,UPDATE_DT,CONTRACT2_ID,CODE,CL_DT,STAMP,DT) values(s_x_mv_contract_signed_attr_hist.NEXTVAL, 3, date'2019-06-01', 112100000333,'PAYMENT_TYPE',date'2019-06-01',8885312110080,date'2019-06-01');insert into x_t_invoice (TMP_ID,ID,DT, CLIENT_ID,EXTERNAL_ID,CONTRACT_ID,TOTAL_SUM,CURRENCY,DISCOUNT_TYPE,COMMISSION_TYPE,TYPE,LOYAL_CLIENTS,NDS,NDS_PCT,PERSON_ID) values (s_x_t_invoice.NEXTVAL, 312110085, date'2019-06-01',2112100000333,'Á-312110085-1',112100000333,60000.1,'RUR',11,11,'prepayment',0,1,20, 775312110080);insert into x_t_person (TMP_ID,ID) values (s_x_t_person.NEXTVAL, 775312110080);insert into x_t_act_internal(TMP_ID,ID,DT,CLIENT_ID,INVOICE_ID,HIDDEN,AMOUNT,EXTERNAL_ID,PAYMENT_TERM_DT,IS_LOYAL,TYPE) values (s_x_t_act_internal.NEXTVAL, 43121100851,date'2019-06-04',2112100000333, 312110085    ,1,  60000.1  ,'431211008511',null, 0,'generic');insert into x_t_act_trans(TMP_ID, ACT_ID, CONSUME_ID, AMOUNT, AMOUNT_NDS, AMOUNT_NSP, NETTING, COMMISSION_TYPE) values (s_x_t_act_trans.NEXTVAL, 43121100851,  55312110085, 60000.1, 10000.0166666667,  0,null, 11);insert into x_t_consume (TMP_ID, ID, PARENT_ORDER_ID) values (s_x_t_consume.NEXTVAL, 55312110085,  99312110085);insert into x_t_order(TMP_ID, ID, SERVICE_ID, SERVICE_ORDER_ID, CLIENT_ID) values (s_x_t_order.NEXTVAL, 99312110085,  11,  77312110085,  5312110080 );
insert into x_t_invoice (TMP_ID,ID,DT, CLIENT_ID,EXTERNAL_ID,CONTRACT_ID,TOTAL_SUM,CURRENCY,DISCOUNT_TYPE,COMMISSION_TYPE,TYPE,LOYAL_CLIENTS,NDS,NDS_PCT,PERSON_ID) values (s_x_t_invoice.NEXTVAL, 312110086, date'2019-06-01',2112100000333,'Á-312110086-1',112100000333,70000,'RUR',11,11,'prepayment',0,1,20, 775312110081);insert into x_t_person (TMP_ID,ID) values (s_x_t_person.NEXTVAL, 775312110081);insert into x_t_act_internal(TMP_ID,ID,DT,CLIENT_ID,INVOICE_ID,HIDDEN,AMOUNT,EXTERNAL_ID,PAYMENT_TERM_DT,IS_LOYAL,TYPE) values (s_x_t_act_internal.NEXTVAL, 43121100861,date'2019-06-09',2112100000333, 312110086    ,1,  70000  ,'431211008611',null, 0,'generic');insert into x_t_act_trans(TMP_ID, ACT_ID, CONSUME_ID, AMOUNT, AMOUNT_NDS, AMOUNT_NSP, NETTING, COMMISSION_TYPE) values (s_x_t_act_trans.NEXTVAL, 43121100861,  55312110086, 70000, 11666.6666666667,  0,null, 11);insert into x_t_consume (TMP_ID, ID, PARENT_ORDER_ID) values (s_x_t_consume.NEXTVAL, 55312110086,  99312110086);insert into x_t_order(TMP_ID, ID, SERVICE_ID, SERVICE_ORDER_ID, CLIENT_ID) values (s_x_t_order.NEXTVAL, 99312110086,  11,  77312110086,  5312110081 );
insert into x_t_invoice (TMP_ID,ID,DT, CLIENT_ID,EXTERNAL_ID,CONTRACT_ID,TOTAL_SUM,CURRENCY,DISCOUNT_TYPE,COMMISSION_TYPE,TYPE,LOYAL_CLIENTS,NDS,NDS_PCT,PERSON_ID) values (s_x_t_invoice.NEXTVAL, 312110087, date'2019-06-01',2112100000333,'Á-312110087-1',112100000333,80000,'RUR',11,11,'prepayment',0,1,20, 775312110082);insert into x_t_person (TMP_ID,ID) values (s_x_t_person.NEXTVAL, 775312110082);insert into x_t_act_internal(TMP_ID,ID,DT,CLIENT_ID,INVOICE_ID,HIDDEN,AMOUNT,EXTERNAL_ID,PAYMENT_TERM_DT,IS_LOYAL,TYPE) values (s_x_t_act_internal.NEXTVAL, 43121100871,date'2019-06-09',2112100000333, 312110087    ,1,  80000  ,'431211008711',null, 0,'generic');insert into x_t_act_trans(TMP_ID, ACT_ID, CONSUME_ID, AMOUNT, AMOUNT_NDS, AMOUNT_NSP, NETTING, COMMISSION_TYPE) values (s_x_t_act_trans.NEXTVAL, 43121100871,  55312110087, 80000, 13333.3333333333,  0,null, 11);insert into x_t_consume (TMP_ID, ID, PARENT_ORDER_ID) values (s_x_t_consume.NEXTVAL, 55312110087,  99312110087);insert into x_t_order(TMP_ID, ID, SERVICE_ID, SERVICE_ORDER_ID, CLIENT_ID) values (s_x_t_order.NEXTVAL, 99312110087,  11,  77312110087,  5312110082 );
insert into x_t_invoice (TMP_ID,ID,DT, CLIENT_ID,EXTERNAL_ID,CONTRACT_ID,TOTAL_SUM,CURRENCY,DISCOUNT_TYPE,COMMISSION_TYPE,TYPE,LOYAL_CLIENTS,NDS,NDS_PCT,PERSON_ID) values (s_x_t_invoice.NEXTVAL, 312110088, date'2019-06-01',2112100000333,'Á-312110088-1',112100000333,80000,'RUR',11,11,'prepayment',0,1,20, 775312110083);insert into x_t_person (TMP_ID,ID) values (s_x_t_person.NEXTVAL, 775312110083);insert into x_t_act_internal(TMP_ID,ID,DT,CLIENT_ID,INVOICE_ID,HIDDEN,AMOUNT,EXTERNAL_ID,PAYMENT_TERM_DT,IS_LOYAL,TYPE) values (s_x_t_act_internal.NEXTVAL, 43121100881,date'2019-06-04',2112100000333, 312110088    ,1,  80000  ,'431211008811',null, 0,'generic');insert into x_t_act_trans(TMP_ID, ACT_ID, CONSUME_ID, AMOUNT, AMOUNT_NDS, AMOUNT_NSP, NETTING, COMMISSION_TYPE) values (s_x_t_act_trans.NEXTVAL, 43121100881,  55312110088, 80000, 13333.3333333333,  0,null, 11);insert into x_t_consume (TMP_ID, ID, PARENT_ORDER_ID) values (s_x_t_consume.NEXTVAL, 55312110088,  99312110088);insert into x_t_order(TMP_ID, ID, SERVICE_ID, SERVICE_ORDER_ID, CLIENT_ID) values (s_x_t_order.NEXTVAL, 99312110088,  11,  77312110088,  5312110083 );
insert into x_t_invoice (TMP_ID,ID,DT, CLIENT_ID,EXTERNAL_ID,CONTRACT_ID,TOTAL_SUM,CURRENCY,DISCOUNT_TYPE,COMMISSION_TYPE,TYPE,LOYAL_CLIENTS,NDS,NDS_PCT,PERSON_ID) values (s_x_t_invoice.NEXTVAL, 312110089, date'2019-06-01',2112100000333,'Á-312110089-1',112100000333,70000,'RUR',11,11,'prepayment',0,1,20, 775312110084);insert into x_t_person (TMP_ID,ID) values (s_x_t_person.NEXTVAL, 775312110084);insert into x_t_act_internal(TMP_ID,ID,DT,CLIENT_ID,INVOICE_ID,HIDDEN,AMOUNT,EXTERNAL_ID,PAYMENT_TERM_DT,IS_LOYAL,TYPE) values (s_x_t_act_internal.NEXTVAL, 43121100891,date'2019-06-02',2112100000333, 312110089    ,1,  70000  ,'431211008911',null, 0,'generic');insert into x_t_act_trans(TMP_ID, ACT_ID, CONSUME_ID, AMOUNT, AMOUNT_NDS, AMOUNT_NSP, NETTING, COMMISSION_TYPE) values (s_x_t_act_trans.NEXTVAL, 43121100891,  55312110089, 70000, 11666.6666666667,  0,null, 11);insert into x_t_consume (TMP_ID, ID, PARENT_ORDER_ID) values (s_x_t_consume.NEXTVAL, 55312110089,  99312110089);insert into x_t_order(TMP_ID, ID, SERVICE_ID, SERVICE_ORDER_ID, CLIENT_ID) values (s_x_t_order.NEXTVAL, 99312110089,  11,  77312110089,  5312110084 );
insert into x_t_invoice (TMP_ID,ID,DT, CLIENT_ID,EXTERNAL_ID,CONTRACT_ID,TOTAL_SUM,CURRENCY,DISCOUNT_TYPE,COMMISSION_TYPE,TYPE,LOYAL_CLIENTS,NDS,NDS_PCT,PERSON_ID) values (s_x_t_invoice.NEXTVAL, 312110090, date'2019-06-01',2112100000333,'Á-312110090-1',112100000333,30,'RUR',11,11,'prepayment',0,1,20, 775312110085);insert into x_t_person (TMP_ID,ID) values (s_x_t_person.NEXTVAL, 775312110085);insert into x_t_act_internal(TMP_ID,ID,DT,CLIENT_ID,INVOICE_ID,HIDDEN,AMOUNT,EXTERNAL_ID,PAYMENT_TERM_DT,IS_LOYAL,TYPE) values (s_x_t_act_internal.NEXTVAL, 43121100901,date'2019-06-05',2112100000333, 312110090    ,1,  30  ,'431211009011',null, 0,'generic');insert into x_t_act_trans(TMP_ID, ACT_ID, CONSUME_ID, AMOUNT, AMOUNT_NDS, AMOUNT_NSP, NETTING, COMMISSION_TYPE) values (s_x_t_act_trans.NEXTVAL, 43121100901,  55312110090, 30, 5,  0,null, 11);insert into x_t_consume (TMP_ID, ID, PARENT_ORDER_ID) values (s_x_t_consume.NEXTVAL, 55312110090,  99312110090);insert into x_t_order(TMP_ID, ID, SERVICE_ID, SERVICE_ORDER_ID, CLIENT_ID) values (s_x_t_order.NEXTVAL, 99312110090,  11,  77312110090,  5312110085 );
insert into x_t_contract2(TMP_ID,ID,EXTERNAL_ID,CLIENT_ID) values(s_x_t_contract2.NEXTVAL, 112100000334, '112100000334/19',2112100000334);insert into x_t_contract_collateral(TMP_ID,ID,CONTRACT2_ID,DT,IS_SIGNED) values(s_x_t_contract_collateral.NEXTVAL, 1121000003341, 112100000334, date'2019-06-01', date'2019-06-01');insert into x_mv_contract_signed_attr (TMP_ID,CONTRACT_ID,COLLATERAL_ID,CODE,VALUE_DT) values (s_x_mv_contract_signed_attr.NEXTVAL, 112100000334, 1121000003341,'FINISH_DT' ,date'2020-06-01');insert into x_mv_contract_signed_attr_hist(TMP_ID,VALUE_NUM,UPDATE_DT,CONTRACT2_ID,CODE,CL_DT,STAMP,DT) values(s_x_mv_contract_signed_attr_hist.NEXTVAL, 111, date'2019-06-01', 112100000334,'FIRM',date'2019-06-01',8885312110086,date'2019-06-01');insert into x_mv_contract_signed_attr_hist(TMP_ID,VALUE_NUM,UPDATE_DT,CONTRACT2_ID,CODE,CL_DT,STAMP,DT) values(s_x_mv_contract_signed_attr_hist.NEXTVAL, 12, date'2019-06-01', 112100000334,'WHOLESALE_AGENT_PREMIUM_AWARDS_SCALE_TYPE',date'2019-06-01',8885312110086,date'2019-06-01');insert into x_mv_contract_signed_attr_hist(TMP_ID,VALUE_NUM,UPDATE_DT,CONTRACT2_ID,CODE,CL_DT,STAMP,DT) values(s_x_mv_contract_signed_attr_hist.NEXTVAL, 3, date'2019-06-01', 112100000334,'PAYMENT_TYPE',date'2019-06-01',8885312110086,date'2019-06-01');insert into x_t_invoice (TMP_ID,ID,DT, CLIENT_ID,EXTERNAL_ID,CONTRACT_ID,TOTAL_SUM,CURRENCY,DISCOUNT_TYPE,COMMISSION_TYPE,TYPE,LOYAL_CLIENTS,NDS,NDS_PCT,PERSON_ID) values (s_x_t_invoice.NEXTVAL, 312110091, date'2019-06-01',2112100000334,'Á-312110091-1',112100000334,60000.1,'RUR',11,11,'y_invoice',0,1,20, 775312110086);insert into x_t_person (TMP_ID,ID) values (s_x_t_person.NEXTVAL, 775312110086);insert into x_t_act_internal(TMP_ID,ID,DT,CLIENT_ID,INVOICE_ID,HIDDEN,AMOUNT,EXTERNAL_ID,PAYMENT_TERM_DT,IS_LOYAL,TYPE) values (s_x_t_act_internal.NEXTVAL, 43121100911,date'2019-06-05',2112100000334, 312110091    ,1,  60000.1  ,'431211009111',null, 0,'generic');insert into x_t_act_trans(TMP_ID, ACT_ID, CONSUME_ID, AMOUNT, AMOUNT_NDS, AMOUNT_NSP, NETTING, COMMISSION_TYPE) values (s_x_t_act_trans.NEXTVAL, 43121100911,  55312110091, 60000.1, 10000.0166666667,  0,null, 11);insert into x_t_consume (TMP_ID, ID, PARENT_ORDER_ID) values (s_x_t_consume.NEXTVAL, 55312110091,  99312110091);insert into x_t_order(TMP_ID, ID, SERVICE_ID, SERVICE_ORDER_ID, CLIENT_ID) values (s_x_t_order.NEXTVAL, 99312110091,  11,  77312110091,  5312110086 );insert into x_mv_oebs_receipts_2(TMP_ID, INVOICE_EID, SUM, DT, DOC_DATE, COMISS_DATE, PAYMENT_NUMBER, SOURCE_TYPE) values (s_x_mv_oebs_receipts_2.NEXTVAL, 'Á-312110091-1', 60000.1, date'2019-06-30',date'2019-06-30', null, '8885312110086' ,'PAYCASH');
insert into x_t_invoice (TMP_ID,ID,DT, CLIENT_ID,EXTERNAL_ID,CONTRACT_ID,TOTAL_SUM,CURRENCY,DISCOUNT_TYPE,COMMISSION_TYPE,TYPE,LOYAL_CLIENTS,NDS,NDS_PCT,PERSON_ID) values (s_x_t_invoice.NEXTVAL, 312110092, date'2019-06-01',2112100000334,'Á-312110092-1',112100000334,70000,'RUR',11,11,'prepayment',0,1,20, 775312110087);insert into x_t_person (TMP_ID,ID) values (s_x_t_person.NEXTVAL, 775312110087);insert into x_t_act_internal(TMP_ID,ID,DT,CLIENT_ID,INVOICE_ID,HIDDEN,AMOUNT,EXTERNAL_ID,PAYMENT_TERM_DT,IS_LOYAL,TYPE) values (s_x_t_act_internal.NEXTVAL, 43121100921,date'2019-06-07',2112100000334, 312110092    ,1,  70000  ,'431211009211',null, 0,'generic');insert into x_t_act_trans(TMP_ID, ACT_ID, CONSUME_ID, AMOUNT, AMOUNT_NDS, AMOUNT_NSP, NETTING, COMMISSION_TYPE) values (s_x_t_act_trans.NEXTVAL, 43121100921,  55312110092, 70000, 11666.6666666667,  0,null, 11);insert into x_t_consume (TMP_ID, ID, PARENT_ORDER_ID) values (s_x_t_consume.NEXTVAL, 55312110092,  99312110092);insert into x_t_order(TMP_ID, ID, SERVICE_ID, SERVICE_ORDER_ID, CLIENT_ID) values (s_x_t_order.NEXTVAL, 99312110092,  11,  77312110092,  5312110087 );insert into x_mv_oebs_receipts_2(TMP_ID, INVOICE_EID, SUM, DT, DOC_DATE, COMISS_DATE, PAYMENT_NUMBER, SOURCE_TYPE) values (s_x_mv_oebs_receipts_2.NEXTVAL, 'Á-312110092-1', 35000, date'2019-06-30',date'2019-06-30', null, '8885312110087' ,'PAYCASH');
insert into x_t_invoice (TMP_ID,ID,DT, CLIENT_ID,EXTERNAL_ID,CONTRACT_ID,TOTAL_SUM,CURRENCY,DISCOUNT_TYPE,COMMISSION_TYPE,TYPE,LOYAL_CLIENTS,NDS,NDS_PCT,PERSON_ID) values (s_x_t_invoice.NEXTVAL, 312110093, date'2019-06-01',2112100000334,'Á-312110093-1',112100000334,80000,'RUR',11,11,'y_invoice',0,1,20, 775312110088);insert into x_t_person (TMP_ID,ID) values (s_x_t_person.NEXTVAL, 775312110088);insert into x_t_act_internal(TMP_ID,ID,DT,CLIENT_ID,INVOICE_ID,HIDDEN,AMOUNT,EXTERNAL_ID,PAYMENT_TERM_DT,IS_LOYAL,TYPE) values (s_x_t_act_internal.NEXTVAL, 43121100931,date'2019-06-04',2112100000334, 312110093    ,1,  80000  ,'431211009311',null, 0,'generic');insert into x_t_act_trans(TMP_ID, ACT_ID, CONSUME_ID, AMOUNT, AMOUNT_NDS, AMOUNT_NSP, NETTING, COMMISSION_TYPE) values (s_x_t_act_trans.NEXTVAL, 43121100931,  55312110093, 80000, 13333.3333333333,  0,null, 11);insert into x_t_consume (TMP_ID, ID, PARENT_ORDER_ID) values (s_x_t_consume.NEXTVAL, 55312110093,  99312110093);insert into x_t_order(TMP_ID, ID, SERVICE_ID, SERVICE_ORDER_ID, CLIENT_ID) values (s_x_t_order.NEXTVAL, 99312110093,  11,  77312110093,  5312110088 );insert into x_mv_oebs_receipts_2(TMP_ID, INVOICE_EID, SUM, DT, DOC_DATE, COMISS_DATE, PAYMENT_NUMBER, SOURCE_TYPE) values (s_x_mv_oebs_receipts_2.NEXTVAL, 'Á-312110093-1', 80000, date'2019-06-30',date'2019-06-30', null, '8885312110088' ,'PAYCASH');
insert into x_t_invoice (TMP_ID,ID,DT, CLIENT_ID,EXTERNAL_ID,CONTRACT_ID,TOTAL_SUM,CURRENCY,DISCOUNT_TYPE,COMMISSION_TYPE,TYPE,LOYAL_CLIENTS,NDS,NDS_PCT,PERSON_ID) values (s_x_t_invoice.NEXTVAL, 312110094, date'2019-06-01',2112100000334,'Á-312110094-1',112100000334,80000,'RUR',11,11,'y_invoice',0,1,20, 775312110089);insert into x_t_person (TMP_ID,ID) values (s_x_t_person.NEXTVAL, 775312110089);insert into x_t_act_internal(TMP_ID,ID,DT,CLIENT_ID,INVOICE_ID,HIDDEN,AMOUNT,EXTERNAL_ID,PAYMENT_TERM_DT,IS_LOYAL,TYPE) values (s_x_t_act_internal.NEXTVAL, 43121100941,date'2019-06-08',2112100000334, 312110094    ,1,  80000  ,'431211009411',null, 0,'generic');insert into x_t_act_trans(TMP_ID, ACT_ID, CONSUME_ID, AMOUNT, AMOUNT_NDS, AMOUNT_NSP, NETTING, COMMISSION_TYPE) values (s_x_t_act_trans.NEXTVAL, 43121100941,  55312110094, 80000, 13333.3333333333,  0,null, 11);insert into x_t_consume (TMP_ID, ID, PARENT_ORDER_ID) values (s_x_t_consume.NEXTVAL, 55312110094,  99312110094);insert into x_t_order(TMP_ID, ID, SERVICE_ID, SERVICE_ORDER_ID, CLIENT_ID) values (s_x_t_order.NEXTVAL, 99312110094,  11,  77312110094,  5312110089 );insert into x_mv_oebs_receipts_2(TMP_ID, INVOICE_EID, SUM, DT, DOC_DATE, COMISS_DATE, PAYMENT_NUMBER, SOURCE_TYPE) values (s_x_mv_oebs_receipts_2.NEXTVAL, 'Á-312110094-1', 80000, date'2019-06-30',date'2019-06-30', null, '8885312110089' ,'PAYCASH');
insert into x_t_invoice (TMP_ID,ID,DT, CLIENT_ID,EXTERNAL_ID,CONTRACT_ID,TOTAL_SUM,CURRENCY,DISCOUNT_TYPE,COMMISSION_TYPE,TYPE,LOYAL_CLIENTS,NDS,NDS_PCT,PERSON_ID) values (s_x_t_invoice.NEXTVAL, 312110095, date'2019-06-01',2112100000334,'Á-312110095-1',112100000334,70000,'RUR',11,11,'y_invoice',0,1,20, 775312110090);insert into x_t_person (TMP_ID,ID) values (s_x_t_person.NEXTVAL, 775312110090);insert into x_t_act_internal(TMP_ID,ID,DT,CLIENT_ID,INVOICE_ID,HIDDEN,AMOUNT,EXTERNAL_ID,PAYMENT_TERM_DT,IS_LOYAL,TYPE) values (s_x_t_act_internal.NEXTVAL, 43121100951,date'2019-06-07',2112100000334, 312110095    ,1,  70000  ,'431211009511',null, 0,'generic');insert into x_t_act_trans(TMP_ID, ACT_ID, CONSUME_ID, AMOUNT, AMOUNT_NDS, AMOUNT_NSP, NETTING, COMMISSION_TYPE) values (s_x_t_act_trans.NEXTVAL, 43121100951,  55312110095, 70000, 11666.6666666667,  0,null, 11);insert into x_t_consume (TMP_ID, ID, PARENT_ORDER_ID) values (s_x_t_consume.NEXTVAL, 55312110095,  99312110095);insert into x_t_order(TMP_ID, ID, SERVICE_ID, SERVICE_ORDER_ID, CLIENT_ID) values (s_x_t_order.NEXTVAL, 99312110095,  11,  77312110095,  5312110090 );insert into x_mv_oebs_receipts_2(TMP_ID, INVOICE_EID, SUM, DT, DOC_DATE, COMISS_DATE, PAYMENT_NUMBER, SOURCE_TYPE) values (s_x_mv_oebs_receipts_2.NEXTVAL, 'Á-312110095-1', 70000, date'2019-06-30',date'2019-06-30', null, '8885312110090' ,'PAYCASH');
insert into x_t_invoice (TMP_ID,ID,DT, CLIENT_ID,EXTERNAL_ID,CONTRACT_ID,TOTAL_SUM,CURRENCY,DISCOUNT_TYPE,COMMISSION_TYPE,TYPE,LOYAL_CLIENTS,NDS,NDS_PCT,PERSON_ID) values (s_x_t_invoice.NEXTVAL, 312110096, date'2019-06-01',2112100000334,'Á-312110096-1',112100000334,30,'RUR',11,11,'y_invoice',0,1,20, 775312110091);insert into x_t_person (TMP_ID,ID) values (s_x_t_person.NEXTVAL, 775312110091);insert into x_t_act_internal(TMP_ID,ID,DT,CLIENT_ID,INVOICE_ID,HIDDEN,AMOUNT,EXTERNAL_ID,PAYMENT_TERM_DT,IS_LOYAL,TYPE) values (s_x_t_act_internal.NEXTVAL, 43121100961,date'2019-06-02',2112100000334, 312110096    ,1,  30  ,'431211009611',null, 0,'generic');insert into x_t_act_trans(TMP_ID, ACT_ID, CONSUME_ID, AMOUNT, AMOUNT_NDS, AMOUNT_NSP, NETTING, COMMISSION_TYPE) values (s_x_t_act_trans.NEXTVAL, 43121100961,  55312110096, 30, 5,  0,null, 11);insert into x_t_consume (TMP_ID, ID, PARENT_ORDER_ID) values (s_x_t_consume.NEXTVAL, 55312110096,  99312110096);insert into x_t_order(TMP_ID, ID, SERVICE_ID, SERVICE_ORDER_ID, CLIENT_ID) values (s_x_t_order.NEXTVAL, 99312110096,  11,  77312110096,  5312110091 );insert into x_mv_oebs_receipts_2(TMP_ID, INVOICE_EID, SUM, DT, DOC_DATE, COMISS_DATE, PAYMENT_NUMBER, SOURCE_TYPE) values (s_x_mv_oebs_receipts_2.NEXTVAL, 'Á-312110096-1', 30, date'2019-06-30',date'2019-06-30', null, '8885312110091' ,'PAYCASH');
insert into x_t_contract2(TMP_ID,ID,EXTERNAL_ID,CLIENT_ID) values(s_x_t_contract2.NEXTVAL, 112100000335, '112100000335/19',2112100000335);insert into x_t_contract_collateral(TMP_ID,ID,CONTRACT2_ID,DT,IS_SIGNED) values(s_x_t_contract_collateral.NEXTVAL, 1121000003351, 112100000335, date'2019-06-01', date'2019-06-01');insert into x_mv_contract_signed_attr (TMP_ID,CONTRACT_ID,COLLATERAL_ID,CODE,VALUE_DT) values (s_x_mv_contract_signed_attr.NEXTVAL, 112100000335, 1121000003351,'FINISH_DT' ,date'2020-06-01');insert into x_mv_contract_signed_attr_hist(TMP_ID,VALUE_NUM,UPDATE_DT,CONTRACT2_ID,CODE,CL_DT,STAMP,DT) values(s_x_mv_contract_signed_attr_hist.NEXTVAL, 111, date'2019-06-01', 112100000335,'FIRM',date'2019-06-01',8885312110092,date'2019-06-01');insert into x_mv_contract_signed_attr_hist(TMP_ID,VALUE_NUM,UPDATE_DT,CONTRACT2_ID,CODE,CL_DT,STAMP,DT) values(s_x_mv_contract_signed_attr_hist.NEXTVAL, 12, date'2019-06-01', 112100000335,'WHOLESALE_AGENT_PREMIUM_AWARDS_SCALE_TYPE',date'2019-06-01',8885312110092,date'2019-06-01');insert into x_mv_contract_signed_attr_hist(TMP_ID,VALUE_NUM,UPDATE_DT,CONTRACT2_ID,CODE,CL_DT,STAMP,DT) values(s_x_mv_contract_signed_attr_hist.NEXTVAL, 3, date'2019-06-01', 112100000335,'PAYMENT_TYPE',date'2019-06-01',8885312110092,date'2019-06-01');insert into x_t_invoice (TMP_ID,ID,DT, CLIENT_ID,EXTERNAL_ID,CONTRACT_ID,TOTAL_SUM,CURRENCY,DISCOUNT_TYPE,COMMISSION_TYPE,TYPE,LOYAL_CLIENTS,NDS,NDS_PCT,PERSON_ID) values (s_x_t_invoice.NEXTVAL, 312110097, date'2019-06-01',2112100000335,'Á-312110097-1',112100000335,60000.1,'RUR',11,11,'y_invoice',0,1,20, 775312110092);insert into x_t_person (TMP_ID,ID) values (s_x_t_person.NEXTVAL, 775312110092);insert into x_t_act_internal(TMP_ID,ID,DT,CLIENT_ID,INVOICE_ID,HIDDEN,AMOUNT,EXTERNAL_ID,PAYMENT_TERM_DT,IS_LOYAL,TYPE) values (s_x_t_act_internal.NEXTVAL, 43121100971,date'2019-06-02',2112100000335, 312110097    ,1,  60000.1  ,'431211009711',null, 0,'generic');insert into x_t_act_trans(TMP_ID, ACT_ID, CONSUME_ID, AMOUNT, AMOUNT_NDS, AMOUNT_NSP, NETTING, COMMISSION_TYPE) values (s_x_t_act_trans.NEXTVAL, 43121100971,  55312110097, 60000.1, 10000.0166666667,  0,null, 11);insert into x_t_consume (TMP_ID, ID, PARENT_ORDER_ID) values (s_x_t_consume.NEXTVAL, 55312110097,  99312110097);insert into x_t_order(TMP_ID, ID, SERVICE_ID, SERVICE_ORDER_ID, CLIENT_ID) values (s_x_t_order.NEXTVAL, 99312110097,  11,  77312110097,  5312110092 );insert into x_mv_oebs_receipts_2(TMP_ID, INVOICE_EID, SUM, DT, DOC_DATE, COMISS_DATE, PAYMENT_NUMBER, SOURCE_TYPE) values (s_x_mv_oebs_receipts_2.NEXTVAL, 'Á-312110097-1', 30000.05, date'2019-06-30',date'2019-06-30', null, '8885312110092' ,'PAYCASH');
insert into x_mv_oebs_receipts_2(TMP_ID, INVOICE_EID, SUM, DT, DOC_DATE, COMISS_DATE, PAYMENT_NUMBER, SOURCE_TYPE) values (s_x_mv_oebs_receipts_2.NEXTVAL, 'Á-312110097-1', 30000.05, date'2019-07-31',date'2019-07-31', null, '8885312110092' ,'PAYCASH');
insert into x_t_invoice (TMP_ID,ID,DT, CLIENT_ID,EXTERNAL_ID,CONTRACT_ID,TOTAL_SUM,CURRENCY,DISCOUNT_TYPE,COMMISSION_TYPE,TYPE,LOYAL_CLIENTS,NDS,NDS_PCT,PERSON_ID) values (s_x_t_invoice.NEXTVAL, 312110098, date'2019-06-01',2112100000335,'Á-312110098-1',112100000335,70000,'RUR',11,11,'prepayment',0,1,20, 775312110093);insert into x_t_person (TMP_ID,ID) values (s_x_t_person.NEXTVAL, 775312110093);insert into x_t_act_internal(TMP_ID,ID,DT,CLIENT_ID,INVOICE_ID,HIDDEN,AMOUNT,EXTERNAL_ID,PAYMENT_TERM_DT,IS_LOYAL,TYPE) values (s_x_t_act_internal.NEXTVAL, 43121100981,date'2019-06-02',2112100000335, 312110098    ,1,  70000  ,'431211009811',null, 0,'generic');insert into x_t_act_trans(TMP_ID, ACT_ID, CONSUME_ID, AMOUNT, AMOUNT_NDS, AMOUNT_NSP, NETTING, COMMISSION_TYPE) values (s_x_t_act_trans.NEXTVAL, 43121100981,  55312110098, 70000, 11666.6666666667,  0,null, 11);insert into x_t_consume (TMP_ID, ID, PARENT_ORDER_ID) values (s_x_t_consume.NEXTVAL, 55312110098,  99312110098);insert into x_t_order(TMP_ID, ID, SERVICE_ID, SERVICE_ORDER_ID, CLIENT_ID) values (s_x_t_order.NEXTVAL, 99312110098,  11,  77312110098,  5312110093 );insert into x_mv_oebs_receipts_2(TMP_ID, INVOICE_EID, SUM, DT, DOC_DATE, COMISS_DATE, PAYMENT_NUMBER, SOURCE_TYPE) values (s_x_mv_oebs_receipts_2.NEXTVAL, 'Á-312110098-1', 70000, date'2019-06-30',date'2019-06-30', null, '8885312110093' ,'PAYCASH');
insert into x_t_invoice (TMP_ID,ID,DT, CLIENT_ID,EXTERNAL_ID,CONTRACT_ID,TOTAL_SUM,CURRENCY,DISCOUNT_TYPE,COMMISSION_TYPE,TYPE,LOYAL_CLIENTS,NDS,NDS_PCT,PERSON_ID) values (s_x_t_invoice.NEXTVAL, 312110099, date'2019-06-01',2112100000335,'Á-312110099-1',112100000335,80000,'RUR',11,11,'prepayment',0,1,20, 775312110094);insert into x_t_person (TMP_ID,ID) values (s_x_t_person.NEXTVAL, 775312110094);insert into x_t_act_internal(TMP_ID,ID,DT,CLIENT_ID,INVOICE_ID,HIDDEN,AMOUNT,EXTERNAL_ID,PAYMENT_TERM_DT,IS_LOYAL,TYPE) values (s_x_t_act_internal.NEXTVAL, 43121100991,date'2019-06-03',2112100000335, 312110099    ,1,  80000  ,'431211009911',null, 0,'generic');insert into x_t_act_trans(TMP_ID, ACT_ID, CONSUME_ID, AMOUNT, AMOUNT_NDS, AMOUNT_NSP, NETTING, COMMISSION_TYPE) values (s_x_t_act_trans.NEXTVAL, 43121100991,  55312110099, 80000, 13333.3333333333,  0,null, 11);insert into x_t_consume (TMP_ID, ID, PARENT_ORDER_ID) values (s_x_t_consume.NEXTVAL, 55312110099,  99312110099);insert into x_t_order(TMP_ID, ID, SERVICE_ID, SERVICE_ORDER_ID, CLIENT_ID) values (s_x_t_order.NEXTVAL, 99312110099,  11,  77312110099,  5312110094 );insert into x_mv_oebs_receipts_2(TMP_ID, INVOICE_EID, SUM, DT, DOC_DATE, COMISS_DATE, PAYMENT_NUMBER, SOURCE_TYPE) values (s_x_mv_oebs_receipts_2.NEXTVAL, 'Á-312110099-1', 80000, date'2019-06-30',date'2019-06-30', null, '8885312110094' ,'PAYCASH');
insert into x_t_invoice (TMP_ID,ID,DT, CLIENT_ID,EXTERNAL_ID,CONTRACT_ID,TOTAL_SUM,CURRENCY,DISCOUNT_TYPE,COMMISSION_TYPE,TYPE,LOYAL_CLIENTS,NDS,NDS_PCT,PERSON_ID) values (s_x_t_invoice.NEXTVAL, 312110100, date'2019-06-01',2112100000335,'Á-312110100-1',112100000335,80000,'RUR',11,11,'prepayment',0,1,20, 775312110095);insert into x_t_person (TMP_ID,ID) values (s_x_t_person.NEXTVAL, 775312110095);insert into x_t_act_internal(TMP_ID,ID,DT,CLIENT_ID,INVOICE_ID,HIDDEN,AMOUNT,EXTERNAL_ID,PAYMENT_TERM_DT,IS_LOYAL,TYPE) values (s_x_t_act_internal.NEXTVAL, 43121101001,date'2019-06-06',2112100000335, 312110100    ,1,  80000  ,'431211010011',null, 0,'generic');insert into x_t_act_trans(TMP_ID, ACT_ID, CONSUME_ID, AMOUNT, AMOUNT_NDS, AMOUNT_NSP, NETTING, COMMISSION_TYPE) values (s_x_t_act_trans.NEXTVAL, 43121101001,  55312110100, 80000, 13333.3333333333,  0,null, 11);insert into x_t_consume (TMP_ID, ID, PARENT_ORDER_ID) values (s_x_t_consume.NEXTVAL, 55312110100,  99312110100);insert into x_t_order(TMP_ID, ID, SERVICE_ID, SERVICE_ORDER_ID, CLIENT_ID) values (s_x_t_order.NEXTVAL, 99312110100,  11,  77312110100,  5312110095 );insert into x_mv_oebs_receipts_2(TMP_ID, INVOICE_EID, SUM, DT, DOC_DATE, COMISS_DATE, PAYMENT_NUMBER, SOURCE_TYPE) values (s_x_mv_oebs_receipts_2.NEXTVAL, 'Á-312110100-1', 80000, date'2019-06-30',date'2019-06-30', null, '8885312110095' ,'PAYCASH');
insert into x_t_invoice (TMP_ID,ID,DT, CLIENT_ID,EXTERNAL_ID,CONTRACT_ID,TOTAL_SUM,CURRENCY,DISCOUNT_TYPE,COMMISSION_TYPE,TYPE,LOYAL_CLIENTS,NDS,NDS_PCT,PERSON_ID) values (s_x_t_invoice.NEXTVAL, 312110101, date'2019-06-01',2112100000335,'Á-312110101-1',112100000335,70000,'RUR',11,11,'prepayment',0,1,20, 775312110096);insert into x_t_person (TMP_ID,ID) values (s_x_t_person.NEXTVAL, 775312110096);insert into x_t_act_internal(TMP_ID,ID,DT,CLIENT_ID,INVOICE_ID,HIDDEN,AMOUNT,EXTERNAL_ID,PAYMENT_TERM_DT,IS_LOYAL,TYPE) values (s_x_t_act_internal.NEXTVAL, 43121101011,date'2019-06-06',2112100000335, 312110101    ,1,  70000  ,'431211010111',null, 0,'generic');insert into x_t_act_trans(TMP_ID, ACT_ID, CONSUME_ID, AMOUNT, AMOUNT_NDS, AMOUNT_NSP, NETTING, COMMISSION_TYPE) values (s_x_t_act_trans.NEXTVAL, 43121101011,  55312110101, 70000, 11666.6666666667,  0,null, 11);insert into x_t_consume (TMP_ID, ID, PARENT_ORDER_ID) values (s_x_t_consume.NEXTVAL, 55312110101,  99312110101);insert into x_t_order(TMP_ID, ID, SERVICE_ID, SERVICE_ORDER_ID, CLIENT_ID) values (s_x_t_order.NEXTVAL, 99312110101,  11,  77312110101,  5312110096 );insert into x_mv_oebs_receipts_2(TMP_ID, INVOICE_EID, SUM, DT, DOC_DATE, COMISS_DATE, PAYMENT_NUMBER, SOURCE_TYPE) values (s_x_mv_oebs_receipts_2.NEXTVAL, 'Á-312110101-1', 70000, date'2019-06-30',date'2019-06-30', null, '8885312110096' ,'PAYCASH');
insert into x_t_invoice (TMP_ID,ID,DT, CLIENT_ID,EXTERNAL_ID,CONTRACT_ID,TOTAL_SUM,CURRENCY,DISCOUNT_TYPE,COMMISSION_TYPE,TYPE,LOYAL_CLIENTS,NDS,NDS_PCT,PERSON_ID) values (s_x_t_invoice.NEXTVAL, 312110102, date'2019-06-01',2112100000335,'Á-312110102-1',112100000335,30,'RUR',11,11,'prepayment',0,1,20, 775312110097);insert into x_t_person (TMP_ID,ID) values (s_x_t_person.NEXTVAL, 775312110097);insert into x_t_act_internal(TMP_ID,ID,DT,CLIENT_ID,INVOICE_ID,HIDDEN,AMOUNT,EXTERNAL_ID,PAYMENT_TERM_DT,IS_LOYAL,TYPE) values (s_x_t_act_internal.NEXTVAL, 43121101021,date'2019-06-08',2112100000335, 312110102    ,1,  30  ,'431211010211',null, 0,'generic');insert into x_t_act_trans(TMP_ID, ACT_ID, CONSUME_ID, AMOUNT, AMOUNT_NDS, AMOUNT_NSP, NETTING, COMMISSION_TYPE) values (s_x_t_act_trans.NEXTVAL, 43121101021,  55312110102, 30, 5,  0,null, 11);insert into x_t_consume (TMP_ID, ID, PARENT_ORDER_ID) values (s_x_t_consume.NEXTVAL, 55312110102,  99312110102);insert into x_t_order(TMP_ID, ID, SERVICE_ID, SERVICE_ORDER_ID, CLIENT_ID) values (s_x_t_order.NEXTVAL, 99312110102,  11,  77312110102,  5312110097 );insert into x_mv_oebs_receipts_2(TMP_ID, INVOICE_EID, SUM, DT, DOC_DATE, COMISS_DATE, PAYMENT_NUMBER, SOURCE_TYPE) values (s_x_mv_oebs_receipts_2.NEXTVAL, 'Á-312110102-1', 30, date'2019-06-30',date'2019-06-30', null, '8885312110097' ,'PAYCASH');
insert into x_t_contract2(TMP_ID,ID,EXTERNAL_ID,CLIENT_ID) values(s_x_t_contract2.NEXTVAL, 112100000336, '112100000336/19',2112100000336);insert into x_t_contract_collateral(TMP_ID,ID,CONTRACT2_ID,DT,IS_SIGNED) values(s_x_t_contract_collateral.NEXTVAL, 1121000003361, 112100000336, date'2019-06-01', date'2019-06-01');insert into x_mv_contract_signed_attr (TMP_ID,CONTRACT_ID,COLLATERAL_ID,CODE,VALUE_DT) values (s_x_mv_contract_signed_attr.NEXTVAL, 112100000336, 1121000003361,'FINISH_DT' ,date'2020-06-01');insert into x_mv_contract_signed_attr_hist(TMP_ID,VALUE_NUM,UPDATE_DT,CONTRACT2_ID,CODE,CL_DT,STAMP,DT) values(s_x_mv_contract_signed_attr_hist.NEXTVAL, 111, date'2019-06-01', 112100000336,'FIRM',date'2019-06-01',8885312110098,date'2019-06-01');insert into x_mv_contract_signed_attr_hist(TMP_ID,VALUE_NUM,UPDATE_DT,CONTRACT2_ID,CODE,CL_DT,STAMP,DT) values(s_x_mv_contract_signed_attr_hist.NEXTVAL, 12, date'2019-06-01', 112100000336,'WHOLESALE_AGENT_PREMIUM_AWARDS_SCALE_TYPE',date'2019-06-01',8885312110098,date'2019-06-01');insert into x_mv_contract_signed_attr_hist(TMP_ID,VALUE_NUM,UPDATE_DT,CONTRACT2_ID,CODE,CL_DT,STAMP,DT) values(s_x_mv_contract_signed_attr_hist.NEXTVAL, 2, date'2019-06-01', 112100000336,'PAYMENT_TYPE',date'2019-06-01',8885312110098,date'2019-06-01');insert into x_t_invoice (TMP_ID,ID,DT, CLIENT_ID,EXTERNAL_ID,CONTRACT_ID,TOTAL_SUM,CURRENCY,DISCOUNT_TYPE,COMMISSION_TYPE,TYPE,LOYAL_CLIENTS,NDS,NDS_PCT,PERSON_ID) values (s_x_t_invoice.NEXTVAL, 312110103, date'2019-06-01',2112100000336,'Á-312110103-1',112100000336,60000.1,'RUR',11,11,'prepayment',0,1,20, 775312110098);insert into x_t_person (TMP_ID,ID) values (s_x_t_person.NEXTVAL, 775312110098);insert into x_t_act_internal(TMP_ID,ID,DT,CLIENT_ID,INVOICE_ID,HIDDEN,AMOUNT,EXTERNAL_ID,PAYMENT_TERM_DT,IS_LOYAL,TYPE) values (s_x_t_act_internal.NEXTVAL, 43121101031,date'2019-06-08',2112100000336, 312110103    ,1,  60000.1  ,'431211010311',null, 0,'generic');insert into x_t_act_trans(TMP_ID, ACT_ID, CONSUME_ID, AMOUNT, AMOUNT_NDS, AMOUNT_NSP, NETTING, COMMISSION_TYPE) values (s_x_t_act_trans.NEXTVAL, 43121101031,  55312110103, 60000.1, 10000.0166666667,  0,null, 11);insert into x_t_consume (TMP_ID, ID, PARENT_ORDER_ID) values (s_x_t_consume.NEXTVAL, 55312110103,  99312110103);insert into x_t_order(TMP_ID, ID, SERVICE_ID, SERVICE_ORDER_ID, CLIENT_ID) values (s_x_t_order.NEXTVAL, 99312110103,  11,  77312110103,  5312110098 );insert into x_mv_oebs_receipts_2(TMP_ID, INVOICE_EID, SUM, DT, DOC_DATE, COMISS_DATE, PAYMENT_NUMBER, SOURCE_TYPE) values (s_x_mv_oebs_receipts_2.NEXTVAL, 'Á-312110103-1', 60000.1, date'2019-06-30',date'2019-06-30', null, '8885312110098' ,'PAYCASH');
insert into x_t_invoice (TMP_ID,ID,DT, CLIENT_ID,EXTERNAL_ID,CONTRACT_ID,TOTAL_SUM,CURRENCY,DISCOUNT_TYPE,COMMISSION_TYPE,TYPE,LOYAL_CLIENTS,NDS,NDS_PCT,PERSON_ID) values (s_x_t_invoice.NEXTVAL, 312110104, date'2019-06-01',2112100000336,'Á-312110104-1',112100000336,70000,'RUR',11,11,'prepayment',0,1,20, 775312110099);insert into x_t_person (TMP_ID,ID) values (s_x_t_person.NEXTVAL, 775312110099);insert into x_t_act_internal(TMP_ID,ID,DT,CLIENT_ID,INVOICE_ID,HIDDEN,AMOUNT,EXTERNAL_ID,PAYMENT_TERM_DT,IS_LOYAL,TYPE) values (s_x_t_act_internal.NEXTVAL, 43121101041,date'2019-06-06',2112100000336, 312110104    ,1,  70000  ,'431211010411',null, 0,'generic');insert into x_t_act_trans(TMP_ID, ACT_ID, CONSUME_ID, AMOUNT, AMOUNT_NDS, AMOUNT_NSP, NETTING, COMMISSION_TYPE) values (s_x_t_act_trans.NEXTVAL, 43121101041,  55312110104, 70000, 11666.6666666667,  0,null, 11);insert into x_t_consume (TMP_ID, ID, PARENT_ORDER_ID) values (s_x_t_consume.NEXTVAL, 55312110104,  99312110104);insert into x_t_order(TMP_ID, ID, SERVICE_ID, SERVICE_ORDER_ID, CLIENT_ID) values (s_x_t_order.NEXTVAL, 99312110104,  11,  77312110104,  5312110099 );insert into x_mv_oebs_receipts_2(TMP_ID, INVOICE_EID, SUM, DT, DOC_DATE, COMISS_DATE, PAYMENT_NUMBER, SOURCE_TYPE) values (s_x_mv_oebs_receipts_2.NEXTVAL, 'Á-312110104-1', 70000, date'2019-06-30',date'2019-06-30', null, '8885312110099' ,'PAYCASH');
insert into x_t_invoice (TMP_ID,ID,DT, CLIENT_ID,EXTERNAL_ID,CONTRACT_ID,TOTAL_SUM,CURRENCY,DISCOUNT_TYPE,COMMISSION_TYPE,TYPE,LOYAL_CLIENTS,NDS,NDS_PCT,PERSON_ID) values (s_x_t_invoice.NEXTVAL, 312110105, date'2019-06-01',2112100000336,'Á-312110105-1',112100000336,80000,'RUR',11,11,'prepayment',0,1,20, 775312110100);insert into x_t_person (TMP_ID,ID) values (s_x_t_person.NEXTVAL, 775312110100);insert into x_t_act_internal(TMP_ID,ID,DT,CLIENT_ID,INVOICE_ID,HIDDEN,AMOUNT,EXTERNAL_ID,PAYMENT_TERM_DT,IS_LOYAL,TYPE) values (s_x_t_act_internal.NEXTVAL, 43121101051,date'2019-06-02',2112100000336, 312110105    ,1,  80000  ,'431211010511',null, 0,'generic');insert into x_t_act_trans(TMP_ID, ACT_ID, CONSUME_ID, AMOUNT, AMOUNT_NDS, AMOUNT_NSP, NETTING, COMMISSION_TYPE) values (s_x_t_act_trans.NEXTVAL, 43121101051,  55312110105, 80000, 13333.3333333333,  0,null, 11);insert into x_t_consume (TMP_ID, ID, PARENT_ORDER_ID) values (s_x_t_consume.NEXTVAL, 55312110105,  99312110105);insert into x_t_order(TMP_ID, ID, SERVICE_ID, SERVICE_ORDER_ID, CLIENT_ID) values (s_x_t_order.NEXTVAL, 99312110105,  11,  77312110105,  5312110100 );insert into x_mv_oebs_receipts_2(TMP_ID, INVOICE_EID, SUM, DT, DOC_DATE, COMISS_DATE, PAYMENT_NUMBER, SOURCE_TYPE) values (s_x_mv_oebs_receipts_2.NEXTVAL, 'Á-312110105-1', 80000, date'2019-06-30',date'2019-06-30', null, '8885312110100' ,'PAYCASH');
insert into x_t_invoice (TMP_ID,ID,DT, CLIENT_ID,EXTERNAL_ID,CONTRACT_ID,TOTAL_SUM,CURRENCY,DISCOUNT_TYPE,COMMISSION_TYPE,TYPE,LOYAL_CLIENTS,NDS,NDS_PCT,PERSON_ID) values (s_x_t_invoice.NEXTVAL, 312110106, date'2019-06-01',2112100000336,'Á-312110106-1',112100000336,80000,'RUR',11,11,'prepayment',0,1,20, 775312110101);insert into x_t_person (TMP_ID,ID) values (s_x_t_person.NEXTVAL, 775312110101);insert into x_t_act_internal(TMP_ID,ID,DT,CLIENT_ID,INVOICE_ID,HIDDEN,AMOUNT,EXTERNAL_ID,PAYMENT_TERM_DT,IS_LOYAL,TYPE) values (s_x_t_act_internal.NEXTVAL, 43121101061,date'2019-06-09',2112100000336, 312110106    ,1,  80000  ,'431211010611',null, 0,'generic');insert into x_t_act_trans(TMP_ID, ACT_ID, CONSUME_ID, AMOUNT, AMOUNT_NDS, AMOUNT_NSP, NETTING, COMMISSION_TYPE) values (s_x_t_act_trans.NEXTVAL, 43121101061,  55312110106, 80000, 13333.3333333333,  0,null, 11);insert into x_t_consume (TMP_ID, ID, PARENT_ORDER_ID) values (s_x_t_consume.NEXTVAL, 55312110106,  99312110106);insert into x_t_order(TMP_ID, ID, SERVICE_ID, SERVICE_ORDER_ID, CLIENT_ID) values (s_x_t_order.NEXTVAL, 99312110106,  11,  77312110106,  5312110101 );insert into x_mv_oebs_receipts_2(TMP_ID, INVOICE_EID, SUM, DT, DOC_DATE, COMISS_DATE, PAYMENT_NUMBER, SOURCE_TYPE) values (s_x_mv_oebs_receipts_2.NEXTVAL, 'Á-312110106-1', 80000, date'2019-06-30',date'2019-06-30', null, '8885312110101' ,'PAYCASH');
insert into x_t_invoice (TMP_ID,ID,DT, CLIENT_ID,EXTERNAL_ID,CONTRACT_ID,TOTAL_SUM,CURRENCY,DISCOUNT_TYPE,COMMISSION_TYPE,TYPE,LOYAL_CLIENTS,NDS,NDS_PCT,PERSON_ID) values (s_x_t_invoice.NEXTVAL, 312110107, date'2019-06-01',2112100000336,'Á-312110107-1',112100000336,70000,'RUR',11,11,'prepayment',0,1,20, 775312110102);insert into x_t_person (TMP_ID,ID) values (s_x_t_person.NEXTVAL, 775312110102);insert into x_t_act_internal(TMP_ID,ID,DT,CLIENT_ID,INVOICE_ID,HIDDEN,AMOUNT,EXTERNAL_ID,PAYMENT_TERM_DT,IS_LOYAL,TYPE) values (s_x_t_act_internal.NEXTVAL, 43121101071,date'2019-06-08',2112100000336, 312110107    ,1,  70000  ,'431211010711',null, 0,'generic');insert into x_t_act_trans(TMP_ID, ACT_ID, CONSUME_ID, AMOUNT, AMOUNT_NDS, AMOUNT_NSP, NETTING, COMMISSION_TYPE) values (s_x_t_act_trans.NEXTVAL, 43121101071,  55312110107, 70000, 11666.6666666667,  0,null, 11);insert into x_t_consume (TMP_ID, ID, PARENT_ORDER_ID) values (s_x_t_consume.NEXTVAL, 55312110107,  99312110107);insert into x_t_order(TMP_ID, ID, SERVICE_ID, SERVICE_ORDER_ID, CLIENT_ID) values (s_x_t_order.NEXTVAL, 99312110107,  11,  77312110107,  5312110102 );insert into x_mv_oebs_receipts_2(TMP_ID, INVOICE_EID, SUM, DT, DOC_DATE, COMISS_DATE, PAYMENT_NUMBER, SOURCE_TYPE) values (s_x_mv_oebs_receipts_2.NEXTVAL, 'Á-312110107-1', 70000, date'2019-06-30',date'2019-06-30', null, '8885312110102' ,'PAYCASH');
insert into x_t_invoice (TMP_ID,ID,DT, CLIENT_ID,EXTERNAL_ID,CONTRACT_ID,TOTAL_SUM,CURRENCY,DISCOUNT_TYPE,COMMISSION_TYPE,TYPE,LOYAL_CLIENTS,NDS,NDS_PCT,PERSON_ID) values (s_x_t_invoice.NEXTVAL, 312110108, date'2019-06-01',2112100000336,'Á-312110108-1',112100000336,30,'RUR',11,11,'prepayment',0,1,20, 775312110103);insert into x_t_person (TMP_ID,ID) values (s_x_t_person.NEXTVAL, 775312110103);insert into x_t_act_internal(TMP_ID,ID,DT,CLIENT_ID,INVOICE_ID,HIDDEN,AMOUNT,EXTERNAL_ID,PAYMENT_TERM_DT,IS_LOYAL,TYPE) values (s_x_t_act_internal.NEXTVAL, 43121101081,date'2019-06-01',2112100000336, 312110108    ,1,  30  ,'431211010811',null, 0,'generic');insert into x_t_act_trans(TMP_ID, ACT_ID, CONSUME_ID, AMOUNT, AMOUNT_NDS, AMOUNT_NSP, NETTING, COMMISSION_TYPE) values (s_x_t_act_trans.NEXTVAL, 43121101081,  55312110108, 30, 5,  0,null, 11);insert into x_t_consume (TMP_ID, ID, PARENT_ORDER_ID) values (s_x_t_consume.NEXTVAL, 55312110108,  99312110108);insert into x_t_order(TMP_ID, ID, SERVICE_ID, SERVICE_ORDER_ID, CLIENT_ID) values (s_x_t_order.NEXTVAL, 99312110108,  11,  77312110108,  5312110103 );insert into x_mv_oebs_receipts_2(TMP_ID, INVOICE_EID, SUM, DT, DOC_DATE, COMISS_DATE, PAYMENT_NUMBER, SOURCE_TYPE) values (s_x_mv_oebs_receipts_2.NEXTVAL, 'Á-312110108-1', 30, date'2019-06-30',date'2019-06-30', null, '8885312110103' ,'PAYCASH');
insert into x_t_contract2(TMP_ID,ID,EXTERNAL_ID,CLIENT_ID) values(s_x_t_contract2.NEXTVAL, 112100000337, '112100000337/19',2112100000337);insert into x_t_contract_collateral(TMP_ID,ID,CONTRACT2_ID,DT,IS_SIGNED) values(s_x_t_contract_collateral.NEXTVAL, 1121000003371, 112100000337, date'2019-06-01', date'2019-06-01');insert into x_mv_contract_signed_attr (TMP_ID,CONTRACT_ID,COLLATERAL_ID,CODE,VALUE_DT) values (s_x_mv_contract_signed_attr.NEXTVAL, 112100000337, 1121000003371,'FINISH_DT' ,date'2020-06-01');insert into x_mv_contract_signed_attr_hist(TMP_ID,VALUE_NUM,UPDATE_DT,CONTRACT2_ID,CODE,CL_DT,STAMP,DT) values(s_x_mv_contract_signed_attr_hist.NEXTVAL, 111, date'2019-06-01', 112100000337,'FIRM',date'2019-06-01',8885312110104,date'2019-06-01');insert into x_mv_contract_signed_attr_hist(TMP_ID,VALUE_NUM,UPDATE_DT,CONTRACT2_ID,CODE,CL_DT,STAMP,DT) values(s_x_mv_contract_signed_attr_hist.NEXTVAL, 12, date'2019-06-01', 112100000337,'WHOLESALE_AGENT_PREMIUM_AWARDS_SCALE_TYPE',date'2019-06-01',8885312110104,date'2019-06-01');insert into x_mv_contract_signed_attr_hist(TMP_ID,VALUE_NUM,UPDATE_DT,CONTRACT2_ID,CODE,CL_DT,STAMP,DT) values(s_x_mv_contract_signed_attr_hist.NEXTVAL, 3, date'2019-06-01', 112100000337,'PAYMENT_TYPE',date'2019-06-01',8885312110104,date'2019-06-01');insert into x_t_invoice (TMP_ID,ID,DT, CLIENT_ID,EXTERNAL_ID,CONTRACT_ID,TOTAL_SUM,CURRENCY,DISCOUNT_TYPE,COMMISSION_TYPE,TYPE,LOYAL_CLIENTS,NDS,NDS_PCT,PERSON_ID) values (s_x_t_invoice.NEXTVAL, 312110109, date'2019-06-01',2112100000337,'Á-312110109-1',112100000337,60000.1,'RUR',11,11,'y_invoice',0,1,20, 775312110104);insert into x_t_person (TMP_ID,ID) values (s_x_t_person.NEXTVAL, 775312110104);insert into x_t_act_internal(TMP_ID,ID,DT,CLIENT_ID,INVOICE_ID,HIDDEN,AMOUNT,EXTERNAL_ID,PAYMENT_TERM_DT,IS_LOYAL,TYPE) values (s_x_t_act_internal.NEXTVAL, 43121101091,date'2019-06-08',2112100000337, 312110109    ,1,  60000.1  ,'431211010911',null, 0,'generic');insert into x_t_act_trans(TMP_ID, ACT_ID, CONSUME_ID, AMOUNT, AMOUNT_NDS, AMOUNT_NSP, NETTING, COMMISSION_TYPE) values (s_x_t_act_trans.NEXTVAL, 43121101091,  55312110109, 60000.1, 10000.0166666667,  0,null, 11);insert into x_t_consume (TMP_ID, ID, PARENT_ORDER_ID) values (s_x_t_consume.NEXTVAL, 55312110109,  99312110109);insert into x_t_order(TMP_ID, ID, SERVICE_ID, SERVICE_ORDER_ID, CLIENT_ID) values (s_x_t_order.NEXTVAL, 99312110109,  11,  77312110109,  5312110104 );insert into x_mv_oebs_receipts_2(TMP_ID, INVOICE_EID, SUM, DT, DOC_DATE, COMISS_DATE, PAYMENT_NUMBER, SOURCE_TYPE) values (s_x_mv_oebs_receipts_2.NEXTVAL, 'Á-312110109-1', 60000.1, date'2019-06-30',date'2019-06-30', null, '8885312110104' ,'PAYCASH');
insert into x_t_invoice (TMP_ID,ID,DT, CLIENT_ID,EXTERNAL_ID,CONTRACT_ID,TOTAL_SUM,CURRENCY,DISCOUNT_TYPE,COMMISSION_TYPE,TYPE,LOYAL_CLIENTS,NDS,NDS_PCT,PERSON_ID) values (s_x_t_invoice.NEXTVAL, 312110110, date'2019-06-01',2112100000337,'Á-312110110-1',112100000337,70000,'RUR',11,11,'y_invoice',0,1,20, 775312110105);insert into x_t_person (TMP_ID,ID) values (s_x_t_person.NEXTVAL, 775312110105);insert into x_t_act_internal(TMP_ID,ID,DT,CLIENT_ID,INVOICE_ID,HIDDEN,AMOUNT,EXTERNAL_ID,PAYMENT_TERM_DT,IS_LOYAL,TYPE) values (s_x_t_act_internal.NEXTVAL, 43121101101,date'2019-06-01',2112100000337, 312110110    ,1,  70000  ,'431211011011',null, 0,'generic');insert into x_t_act_trans(TMP_ID, ACT_ID, CONSUME_ID, AMOUNT, AMOUNT_NDS, AMOUNT_NSP, NETTING, COMMISSION_TYPE) values (s_x_t_act_trans.NEXTVAL, 43121101101,  55312110110, 70000, 11666.6666666667,  0,null, 11);insert into x_t_consume (TMP_ID, ID, PARENT_ORDER_ID) values (s_x_t_consume.NEXTVAL, 55312110110,  99312110110);insert into x_t_order(TMP_ID, ID, SERVICE_ID, SERVICE_ORDER_ID, CLIENT_ID) values (s_x_t_order.NEXTVAL, 99312110110,  11,  77312110110,  5312110105 );insert into x_mv_oebs_receipts_2(TMP_ID, INVOICE_EID, SUM, DT, DOC_DATE, COMISS_DATE, PAYMENT_NUMBER, SOURCE_TYPE) values (s_x_mv_oebs_receipts_2.NEXTVAL, 'Á-312110110-1', 35000, date'2019-06-30',date'2019-06-30', null, '8885312110105' ,'PAYCASH');
insert into x_mv_oebs_receipts_2(TMP_ID, INVOICE_EID, SUM, DT, DOC_DATE, COMISS_DATE, PAYMENT_NUMBER, SOURCE_TYPE) values (s_x_mv_oebs_receipts_2.NEXTVAL, 'Á-312110110-1', 35000, date'2019-07-31',date'2019-07-31', null, '8885312110105' ,'PAYCASH');
insert into x_t_invoice (TMP_ID,ID,DT, CLIENT_ID,EXTERNAL_ID,CONTRACT_ID,TOTAL_SUM,CURRENCY,DISCOUNT_TYPE,COMMISSION_TYPE,TYPE,LOYAL_CLIENTS,NDS,NDS_PCT,PERSON_ID) values (s_x_t_invoice.NEXTVAL, 312110111, date'2019-06-01',2112100000337,'Á-312110111-1',112100000337,80000,'RUR',11,11,'y_invoice',0,1,20, 775312110106);insert into x_t_person (TMP_ID,ID) values (s_x_t_person.NEXTVAL, 775312110106);insert into x_t_act_internal(TMP_ID,ID,DT,CLIENT_ID,INVOICE_ID,HIDDEN,AMOUNT,EXTERNAL_ID,PAYMENT_TERM_DT,IS_LOYAL,TYPE) values (s_x_t_act_internal.NEXTVAL, 43121101111,date'2019-06-09',2112100000337, 312110111    ,1,  80000  ,'431211011111',null, 0,'generic');insert into x_t_act_trans(TMP_ID, ACT_ID, CONSUME_ID, AMOUNT, AMOUNT_NDS, AMOUNT_NSP, NETTING, COMMISSION_TYPE) values (s_x_t_act_trans.NEXTVAL, 43121101111,  55312110111, 80000, 13333.3333333333,  0,null, 11);insert into x_t_consume (TMP_ID, ID, PARENT_ORDER_ID) values (s_x_t_consume.NEXTVAL, 55312110111,  99312110111);insert into x_t_order(TMP_ID, ID, SERVICE_ID, SERVICE_ORDER_ID, CLIENT_ID) values (s_x_t_order.NEXTVAL, 99312110111,  11,  77312110111,  5312110106 );insert into x_mv_oebs_receipts_2(TMP_ID, INVOICE_EID, SUM, DT, DOC_DATE, COMISS_DATE, PAYMENT_NUMBER, SOURCE_TYPE) values (s_x_mv_oebs_receipts_2.NEXTVAL, 'Á-312110111-1', 80000, date'2019-06-30',date'2019-06-30', null, '8885312110106' ,'PAYCASH');
insert into x_t_invoice (TMP_ID,ID,DT, CLIENT_ID,EXTERNAL_ID,CONTRACT_ID,TOTAL_SUM,CURRENCY,DISCOUNT_TYPE,COMMISSION_TYPE,TYPE,LOYAL_CLIENTS,NDS,NDS_PCT,PERSON_ID) values (s_x_t_invoice.NEXTVAL, 312110112, date'2019-06-01',2112100000337,'Á-312110112-1',112100000337,80000,'RUR',11,11,'prepayment',0,1,20, 775312110107);insert into x_t_person (TMP_ID,ID) values (s_x_t_person.NEXTVAL, 775312110107);insert into x_t_act_internal(TMP_ID,ID,DT,CLIENT_ID,INVOICE_ID,HIDDEN,AMOUNT,EXTERNAL_ID,PAYMENT_TERM_DT,IS_LOYAL,TYPE) values (s_x_t_act_internal.NEXTVAL, 43121101121,date'2019-06-07',2112100000337, 312110112    ,1,  80000  ,'431211011211',null, 0,'generic');insert into x_t_act_trans(TMP_ID, ACT_ID, CONSUME_ID, AMOUNT, AMOUNT_NDS, AMOUNT_NSP, NETTING, COMMISSION_TYPE) values (s_x_t_act_trans.NEXTVAL, 43121101121,  55312110112, 80000, 13333.3333333333,  0,null, 11);insert into x_t_consume (TMP_ID, ID, PARENT_ORDER_ID) values (s_x_t_consume.NEXTVAL, 55312110112,  99312110112);insert into x_t_order(TMP_ID, ID, SERVICE_ID, SERVICE_ORDER_ID, CLIENT_ID) values (s_x_t_order.NEXTVAL, 99312110112,  11,  77312110112,  5312110107 );insert into x_mv_oebs_receipts_2(TMP_ID, INVOICE_EID, SUM, DT, DOC_DATE, COMISS_DATE, PAYMENT_NUMBER, SOURCE_TYPE) values (s_x_mv_oebs_receipts_2.NEXTVAL, 'Á-312110112-1', 80000, date'2019-06-30',date'2019-06-30', null, '8885312110107' ,'PAYCASH');
insert into x_t_invoice (TMP_ID,ID,DT, CLIENT_ID,EXTERNAL_ID,CONTRACT_ID,TOTAL_SUM,CURRENCY,DISCOUNT_TYPE,COMMISSION_TYPE,TYPE,LOYAL_CLIENTS,NDS,NDS_PCT,PERSON_ID) values (s_x_t_invoice.NEXTVAL, 312110113, date'2019-06-01',2112100000337,'Á-312110113-1',112100000337,70000,'RUR',11,11,'y_invoice',0,1,20, 775312110108);insert into x_t_person (TMP_ID,ID) values (s_x_t_person.NEXTVAL, 775312110108);insert into x_t_act_internal(TMP_ID,ID,DT,CLIENT_ID,INVOICE_ID,HIDDEN,AMOUNT,EXTERNAL_ID,PAYMENT_TERM_DT,IS_LOYAL,TYPE) values (s_x_t_act_internal.NEXTVAL, 43121101131,date'2019-06-01',2112100000337, 312110113    ,1,  70000  ,'431211011311',null, 0,'generic');insert into x_t_act_trans(TMP_ID, ACT_ID, CONSUME_ID, AMOUNT, AMOUNT_NDS, AMOUNT_NSP, NETTING, COMMISSION_TYPE) values (s_x_t_act_trans.NEXTVAL, 43121101131,  55312110113, 70000, 11666.6666666667,  0,null, 11);insert into x_t_consume (TMP_ID, ID, PARENT_ORDER_ID) values (s_x_t_consume.NEXTVAL, 55312110113,  99312110113);insert into x_t_order(TMP_ID, ID, SERVICE_ID, SERVICE_ORDER_ID, CLIENT_ID) values (s_x_t_order.NEXTVAL, 99312110113,  11,  77312110113,  5312110108 );insert into x_mv_oebs_receipts_2(TMP_ID, INVOICE_EID, SUM, DT, DOC_DATE, COMISS_DATE, PAYMENT_NUMBER, SOURCE_TYPE) values (s_x_mv_oebs_receipts_2.NEXTVAL, 'Á-312110113-1', 70000, date'2019-06-30',date'2019-06-30', null, '8885312110108' ,'PAYCASH');
insert into x_t_invoice (TMP_ID,ID,DT, CLIENT_ID,EXTERNAL_ID,CONTRACT_ID,TOTAL_SUM,CURRENCY,DISCOUNT_TYPE,COMMISSION_TYPE,TYPE,LOYAL_CLIENTS,NDS,NDS_PCT,PERSON_ID) values (s_x_t_invoice.NEXTVAL, 312110114, date'2019-06-01',2112100000337,'Á-312110114-1',112100000337,30,'RUR',11,11,'y_invoice',0,1,20, 775312110109);insert into x_t_person (TMP_ID,ID) values (s_x_t_person.NEXTVAL, 775312110109);insert into x_t_act_internal(TMP_ID,ID,DT,CLIENT_ID,INVOICE_ID,HIDDEN,AMOUNT,EXTERNAL_ID,PAYMENT_TERM_DT,IS_LOYAL,TYPE) values (s_x_t_act_internal.NEXTVAL, 43121101141,date'2019-06-01',2112100000337, 312110114    ,1,  30  ,'431211011411',null, 0,'generic');insert into x_t_act_trans(TMP_ID, ACT_ID, CONSUME_ID, AMOUNT, AMOUNT_NDS, AMOUNT_NSP, NETTING, COMMISSION_TYPE) values (s_x_t_act_trans.NEXTVAL, 43121101141,  55312110114, 30, 5,  0,null, 11);insert into x_t_consume (TMP_ID, ID, PARENT_ORDER_ID) values (s_x_t_consume.NEXTVAL, 55312110114,  99312110114);insert into x_t_order(TMP_ID, ID, SERVICE_ID, SERVICE_ORDER_ID, CLIENT_ID) values (s_x_t_order.NEXTVAL, 99312110114,  11,  77312110114,  5312110109 );insert into x_mv_oebs_receipts_2(TMP_ID, INVOICE_EID, SUM, DT, DOC_DATE, COMISS_DATE, PAYMENT_NUMBER, SOURCE_TYPE) values (s_x_mv_oebs_receipts_2.NEXTVAL, 'Á-312110114-1', 30, date'2019-06-30',date'2019-06-30', null, '8885312110109' ,'PAYCASH');
insert into x_t_invoice (TMP_ID,ID,DT, CLIENT_ID,EXTERNAL_ID,CONTRACT_ID,TOTAL_SUM,CURRENCY,DISCOUNT_TYPE,COMMISSION_TYPE,TYPE,LOYAL_CLIENTS,NDS,NDS_PCT,PERSON_ID) values (s_x_t_invoice.NEXTVAL, 312110115, date'2019-06-01',2112100000337,'Á-312110115-1',112100000337,20,'RUR',11,11,'prepayment',0,1,20, 775312110110);insert into x_t_person (TMP_ID,ID) values (s_x_t_person.NEXTVAL, 775312110110);insert into x_t_act_internal(TMP_ID,ID,DT,CLIENT_ID,INVOICE_ID,HIDDEN,AMOUNT,EXTERNAL_ID,PAYMENT_TERM_DT,IS_LOYAL,TYPE) values (s_x_t_act_internal.NEXTVAL, 43121101151,date'2019-06-08',2112100000337, 312110115    ,1,  20  ,'431211011511',null, 0,'generic');insert into x_t_act_trans(TMP_ID, ACT_ID, CONSUME_ID, AMOUNT, AMOUNT_NDS, AMOUNT_NSP, NETTING, COMMISSION_TYPE) values (s_x_t_act_trans.NEXTVAL, 43121101151,  55312110115, 20, 3.33333333333333,  0,null, 11);insert into x_t_consume (TMP_ID, ID, PARENT_ORDER_ID) values (s_x_t_consume.NEXTVAL, 55312110115,  99312110115);insert into x_t_order(TMP_ID, ID, SERVICE_ID, SERVICE_ORDER_ID, CLIENT_ID) values (s_x_t_order.NEXTVAL, 99312110115,  11,  77312110115,  5312110110 );insert into x_mv_oebs_receipts_2(TMP_ID, INVOICE_EID, SUM, DT, DOC_DATE, COMISS_DATE, PAYMENT_NUMBER, SOURCE_TYPE) values (s_x_mv_oebs_receipts_2.NEXTVAL, 'Á-312110115-1', 20, date'2019-06-30',date'2019-06-30', null, '8885312110110' ,'PAYCASH');

------------------

delete from x_mv_currency_rate;

insert into x_mv_currency_rate (tmp_id, cc, rate, rate_dt) select s_x_mv_currency_rate.NEXTVAL, cr.cc, cr.rate, dates.rate_dt from ((select 'RUR' as cc, 1 as rate from dual) cr cross join (select distinct trunc(dt) as rate_dt from x_t_act_internal)dates);
insert into x_mv_currency_rate (tmp_id, cc, rate, rate_dt) select s_x_mv_currency_rate.NEXTVAL, cr.cc, cr.rate, dates.rate_dt from ((select 'USD' as cc, 30 as rate from dual) cr cross join (select distinct trunc(dt) as rate_dt from x_t_act_internal)dates);
insert into x_mv_currency_rate (tmp_id, cc, rate, rate_dt) select s_x_mv_currency_rate.NEXTVAL, cr.cc, cr.rate, dates.rate_dt from ((select 'EUR' as cc, 40 as rate from dual) cr cross join (select distinct trunc(dt) as rate_dt from x_t_act_internal)dates);
insert into x_mv_currency_rate (tmp_id, cc, rate, rate_dt) select s_x_mv_currency_rate.NEXTVAL, cr.cc, cr.rate, dates.rate_dt from ((select 'BYR' as cc, 30 as rate from dual) cr cross join (select distinct trunc(dt) as rate_dt from x_t_act_internal)dates);
insert into x_mv_currency_rate (tmp_id, cc, rate, rate_dt) select s_x_mv_currency_rate.NEXTVAL, cr.cc, cr.rate, dates.rate_dt from ((select 'KZT' as cc, 30 as rate from dual) cr cross join (select distinct trunc(dt) as rate_dt from x_t_act_internal)dates);

commit;
end;